species	type_var	chromosome	start	end	gff_upmost_parent	gene_name	Scerevisiae_orthologs	selection_score_S	fdr_p_S	orthofinder_orthocluster	n_types_vars_in_species_orthogroup	n_species_orthogroup	description	biological_process_GO	molecular_function_GO	cellular_component_GO	fraction_clusters_w_selection	fraction_strains_w_selection	total_number_clusters	total_number_strains	significant_selection
Candida_albicans	DEL	Ca22chrRA_C_albicans_SC5314	1586232	1587092	CR_07280W_A	FRE30		0.06166617254669434		OG0000000	1	3	Protein with similarity to ferric reductases; downregulated in response to amphotericin B, estradiol, or ciclopirox olamine, and upregulated by interaction with macrophage; un-merged from orf19.6139 in a revision of Assembly 21	GO:0008150 (biological_process)	GO:0003674 (molecular_function)	GO:0005575 (cellular_component)	0.1095890410958904	0.0429042904290429	73	303	True
Candida_glabrata	DUP	ChrC_C_glabrata_CBS138	335097	337588	CAGL0C03333g		FRE6	0.08730614589316484		OG0000000	1	3	Ortholog(s) have ferric-chelate reductase activity and role in cellular response to iron ion starvation, copper ion import, intracellular sequestering of iron ion, iron assimilation by reduction and transport	GO:0006880 (intracellular sequestering of iron ion), GO:0010106 (cellular response to iron ion starvation), GO:0015677 (copper ion import), GO:0033215 (reductive iron assimilation)	GO:0000293 (ferric-chelate reductase activity), GO:0016491 (oxidoreductase activity)	GO:0000329 (fungal-type vacuole membrane)	0.36363636363636365	0.04960835509138381	22	383	True
Candida_tropicalis	DEL	Supercontig_3.4_C_tropicalis_MYA-3404	1160168	1162261	gene-CTRG_03527			0.24000000000000005		OG0000000	1	3	Has domain(s) with predicted oxidoreductase activity and role in oxidation-reduction process		GO:0016491 (oxidoreductase activity)		0.3333333333333333	0.1875	15	64	True
Candida_albicans	DEL	Ca22chr6A_C_albicans_SC5314	898452	904754	C6_04130C_A	ALS4		0.2754016273732527		OG0000003	1	3	GPI-anchored adhesin; role in adhesion, germ tube induction; growth, temperature regulated; expressed during infection of human buccal epithelial cells; repressed by vaginal contact; biofilm induced; repressed during chlamydospore formation	GO:0007155 (cell adhesion), GO:0030448 (hyphal growth), GO:0044406 (adhesion of symbiont to host), GO:0071502 (cellular response to temperature stimulus), GO:0098609 (cell-cell adhesion)	GO:0003674 (molecular_function)	GO:0005576 (extracellular region), GO:0009277 (fungal-type cell wall), GO:0009986 (cell surface), GO:0030445 (yeast-form cell wall), GO:1903561 (extracellular vesicle)	0.4520547945205479	0.19801980198019803	73	303	True
Candida_albicans	DEL	Ca22chr6A_C_albicans_SC5314	971215	978303	C6_04380W_A	ALS2		0.24538930473030326		OG0000003	1	3	ALS family protein; role in adhesion, biofilm formation, germ tube induction; expressed at infection of human buccal epithelial cells; putative GPI-anchor; induced by ketoconazole, low iron and at cell wall regeneration; regulated by Sfu1p	GO:0007155 (cell adhesion), GO:0030448 (hyphal growth), GO:0044011 (single-species biofilm formation on inanimate substrate), GO:0044406 (adhesion of symbiont to host), GO:0098609 (cell-cell adhesion)	GO:0003674 (molecular_function)	GO:0009277 (fungal-type cell wall), GO:0009986 (cell surface), GO:1903561 (extracellular vesicle)	0.410958904109589	0.17491749174917492	73	303	True
Candida_albicans	DEL	Ca22chr3A_C_albicans_SC5314	1407764	1411864	C3_06190C_A	ALS6		0.17095756588989516		OG0000003	1	3	ALS family protein; expression in S. cerevisiae confers adhesion to gelatin; macrophage-induced gene; N-terminal adhesion domain; ALS family includes cell-surface glycoproteins, some with adhesin function	GO:0007155 (cell adhesion), GO:0043709 (cell adhesion involved in single-species biofilm formation), GO:0043710 (cell adhesion involved in multi-species biofilm formation)	GO:0003674 (molecular_function)	GO:0009277 (fungal-type cell wall), GO:0009986 (cell surface)	0.3287671232876712	0.11551155115511551	73	303	True
Candida_albicans	DEL	Ca22chr6A_C_albicans_SC5314	797842	803514	C6_03710W_A	ALS9	FLO1	0.13754775963876348		OG0000003	1	3	ALS family cell-surface glycoprotein; expressed during infection of human epithelial cells; confers laminin adhesion to S. cerevisiae; highly variable; putative GPI-anchor; Hap43-repressed	GO:0000128 (flocculation), GO:0007155 (cell adhesion), GO:0034605 (cellular response to heat), GO:0036281 (flocculation), GO:0043709 (cell adhesion involved in single-species biofilm formation), GO:0043710 (cell adhesion involved in multi-species biofilm formation), GO:0070301 (cellular response to hydrogen peroxide), GO:0071361 (cellular response to ethanol)	GO:0005537 (mannose binding)	GO:0009277 (fungal-type cell wall), GO:0009986 (cell surface)	0.3013698630136986	0.0891089108910891	73	303	True
Candida_albicans	DEL	Ca22chr3A_C_albicans_SC5314	1446503	1451209	C3_06320W_A	ALS7		0.1307709802137821		OG0000003	1	3	ALS family protein; hypermutable contingency gene; growth-regulated, downregulated in biofilm; two variable repeat regions; expression in S. cerevisiae does not confer adhesiveness; ALS family includes adhesins, cell-surface glycoproteins	GO:0007155 (cell adhesion), GO:0043709 (cell adhesion involved in single-species biofilm formation), GO:0043710 (cell adhesion involved in multi-species biofilm formation)	GO:0003674 (molecular_function)	GO:0009277 (fungal-type cell wall), GO:0009986 (cell surface)	0.3150684931506849	0.08250825082508251	73	303	True
Candida_albicans	DEL	Ca22chr6A_C_albicans_SC5314	791291	795073	C6_03700W_A	ALS1		0.13068610203568734		OG0000003	1	3	Cell-surface adhesin; adhesion, virulence, immunoprotective roles; band at hyphal base; Rfg1, Ssk1, Spider biofilm induced; flow model biofilm repressed; CAI-4 strain background effects; promoter bound Bcr1, Tec1, Efg1, Ndt80, and Brg1	GO:0000128 (flocculation), GO:0006878 (cellular copper ion homeostasis), GO:0007155 (cell adhesion), GO:0030447 (filamentous growth), GO:0030448 (hyphal growth), GO:0036178 (filamentous growth of a population of unicellular organisms in response to neutral pH), GO:0036244 (cellular response to neutral pH), GO:0043709 (cell adhesion involved in single-species biofilm formation), GO:0043710 (cell adhesion involved in multi-species biofilm formation), GO:0044011 (single-species biofilm formation on inanimate substrate), GO:0044182 (filamentous growth of a population of unicellular organisms), GO:0044406 (adhesion of symbiont to host), GO:0044409 (entry into host), GO:0044416 (induction by symbiont of host defense response), GO:0098609 (cell-cell adhesion), GO:1900735 (positive regulation of flocculation)	GO:0001968 (fibronectin binding), GO:0042277 (peptide binding), GO:0043236 (laminin binding)	GO:0009277 (fungal-type cell wall), GO:0009986 (cell surface), GO:0030445 (yeast-form cell wall), GO:0030446 (hyphal cell wall)	0.273972602739726	0.0858085808580858	73	303	True
Candida_albicans	DEL	Ca22chrRA_C_albicans_SC5314	1532277	1535744	CR_07070C_A	ALS3		0.0885593220338983		OG0000003	1	3	Cell wall adhesin; epithelial adhesion, endothelial invasion; alleles vary in adhesiveness; immunoprotective in mice; binds SspB adhesin of S. gordonii in mixed biofilm; induced in/required for Spider biofilm; flow model biofilm repressed	GO:0006878 (cellular copper ion homeostasis), GO:0006897 (endocytosis), GO:0007155 (cell adhesion), GO:0033215 (reductive iron assimilation), GO:0043708 (cell adhesion involved in biofilm formation), GO:0043709 (cell adhesion involved in single-species biofilm formation), GO:0043710 (cell adhesion involved in multi-species biofilm formation), GO:0044011 (single-species biofilm formation on inanimate substrate), GO:0044182 (filamentous growth of a population of unicellular organisms), GO:0044406 (adhesion of symbiont to host), GO:0044409 (entry into host), GO:0098609 (cell-cell adhesion)	GO:0030985 (high molecular weight kininogen binding), GO:0050839 (cell adhesion molecule binding)	GO:0005576 (extracellular region), GO:0009277 (fungal-type cell wall), GO:0009986 (cell surface), GO:0030445 (yeast-form cell wall), GO:0030446 (hyphal cell wall), GO:1903561 (extracellular vesicle)	0.1506849315068493	0.0627062706270627	73	303	True
Candida_auris	DEL	PEKT02000008_C_auris_B8441	41482	46869	gene-B9J08_004112			0.10344827586206895		OG0000003	1	3	Putative cell-surface adhesin, similar to C. albicans Als3p	GO:0007155 (cell adhesion)			0.75	0.05555555555555555	4	720	True
Candida_tropicalis	DEL	Supercontig_3.1_C_tropicalis_MYA-3404	2349117	2351333	gene-CTRG_01028			0.29556650246305416		OG0000003	2	3	Has domain(s) with predicted role in cell adhesion	GO:0007155 (cell adhesion)			0.4	0.234375	15	64	True
Candida_tropicalis	DEL	Supercontig_3.5_C_tropicalis_MYA-3404	114748	117639	gene-CTRG_03786			0.267515923566879		OG0000003	2	3	Ortholog(s) have role in adhesion to host, pathogenesis, single-species biofilm formation on inanimate substrate, hyphal growth	GO:0007155 (cell adhesion), GO:0030448 (hyphal growth), GO:0044011 (single-species biofilm formation on inanimate substrate), GO:0044406 (adhesion of symbiont to host)		GO:1903561 (extracellular vesicle)	0.4666666666666667	0.1875	15	64	True
Candida_tropicalis	DUP	Supercontig_3.1_C_tropicalis_MYA-3404	2351582	2352310	gene-CTRG_01029			0.3256445047489824		OG0000003	2	3	Protein of unknown function				0.5333333333333333	0.234375	15	64	True
Candida_albicans	DUP	Ca22chr4A_C_albicans_SC5314	19713	20438	C4_00130W_A	RBT5		0.22089802769618128		OG0000024	1	3	GPI-linked cell wall protein; hemoglobin utilization; Rfg1, Rim101, Tbf1, Fe regulated; Sfu1, Hog1, Tup1, serum, alkaline pH, antifungal drugs, geldamycin repressed; Hap43 induced; required for RPMI biofilms; Spider biofilm induced	GO:0006879 (cellular iron ion homeostasis), GO:0020028 (endocytic hemoglobin import into cell), GO:0043709 (cell adhesion involved in single-species biofilm formation), GO:0044011 (single-species biofilm formation on inanimate substrate)	GO:0020037 (heme binding)	GO:0005576 (extracellular region), GO:0005886 (plasma membrane), GO:0009277 (fungal-type cell wall), GO:0009986 (cell surface), GO:0030445 (yeast-form cell wall)	0.3835616438356164	0.1551155115511551	73	303	True
Candida_albicans	DUP	Ca22chr4A_C_albicans_SC5314	72788	73540	C4_00450C_A	PGA10		0.14731673097158893		OG0000024	1	3	GPI anchored membrane protein; utilization of hemin and hemoglobin for Fe in host; Rim101 at ph8/hypoxia/ketoconazole/ciclopirox/hypha-induced; required for RPMI biofilm formation, Bcr1-induced in a/a biofilm; rat catheter biofilm repressed	GO:0006879 (cellular iron ion homeostasis), GO:0020028 (endocytic hemoglobin import into cell), GO:0044011 (single-species biofilm formation on inanimate substrate)	GO:0020037 (heme binding)	GO:0009277 (fungal-type cell wall), GO:0009986 (cell surface)	0.2876712328767123	0.09900990099009901	73	303	True
Candida_auris	DUP	PEKT02000012_C_auris_B8441	2039	2731	gene-B9J08_005545			0.0792838874680307		OG0000024	1	3	Ortholog of C. albicans SC5314 : C4_00130W_A/RBT5, C. dubliniensis CD36 : Cd36_40190, C. parapsilosis CDC317 : CPAR2_402920 and Candida tenuis NRRL Y-1498 : CANTEDRAFT_104115				0.5	0.043055555555555555	4	720	True
Candida_tropicalis	DUP	Supercontig_3.1_C_tropicalis_MYA-3404	237180	238031	gene-CTRG_00109			0.3256445047489824		OG0000024	1	3	Ortholog(s) have heme binding activity, role in single-species biofilm formation on inanimate substrate, cell adhesion involved in single-species biofilm formation, hemoglobin import, cellular iron ion homeostasis	GO:0006879 (cellular iron ion homeostasis), GO:0020028 (endocytic hemoglobin import into cell), GO:0043709 (cell adhesion involved in single-species biofilm formation), GO:0044011 (single-species biofilm formation on inanimate substrate)	GO:0020037 (heme binding)	GO:0005576 (extracellular region), GO:0005886 (plasma membrane), GO:0009277 (fungal-type cell wall), GO:0030445 (yeast-form cell wall)	0.5333333333333333	0.234375	15	64	True
Candida_albicans	DUP	Ca22chr1A_C_albicans_SC5314	28286	29488	C1_00160C_A		NSR1	0.21097391446561456		OG0000897	1	3	Putative nucleolar protein with a predicted role in pre-rRNA processing and ribosome biogenesis; repressed by nitric oxide; required for flow model biofilm formation; Spider biofilm repressed	GO:0044011 (single-species biofilm formation on inanimate substrate)	GO:0000166 (nucleotide binding), GO:0003676 (nucleic acid binding), GO:0003723 (RNA binding), GO:0008139 (nuclear localization sequence binding), GO:0043047 (single-stranded telomeric DNA binding)	GO:0005634 (nucleus), GO:0005635 (nuclear envelope)	0.410958904109589	0.1419141914191419	73	303	True
Candida_glabrata	if_INDEL	ChrE_C_glabrata_CBS138	298992	301504	CAGL0E03245g		NSR1	0.20521172638436483		OG0000897	1	3	Ortholog(s) have RNA binding, nuclear localization sequence binding, single-stranded telomeric DNA binding activity, role in single-species biofilm formation on inanimate substrate and nuclear envelope localization	GO:0044011 (single-species biofilm formation on inanimate substrate)	GO:0000166 (nucleotide binding), GO:0003676 (nucleic acid binding), GO:0003723 (RNA binding), GO:0008139 (nuclear localization sequence binding), GO:0043047 (single-stranded telomeric DNA binding)	GO:0005635 (nuclear envelope)	0.2727272727272727	0.16449086161879894	22	383	True
Candida_tropicalis	DUP	Supercontig_3.6_C_tropicalis_MYA-3404	18219	19547	gene-CTRG_04290			0.2942008486562942		OG0000897	1	3	Ortholog(s) have role in single-species biofilm formation on inanimate substrate	GO:0044011 (single-species biofilm formation on inanimate substrate)	GO:0000166 (nucleotide binding), GO:0003676 (nucleic acid binding), GO:0008017 (microtubule binding)		0.5333333333333333	0.203125	15	64	True
Candida_auris	SNP	PEKT02000010_C_auris_B8441	96467	98537	gene-B9J08_004936		CRN1	0.5141700404858299	0.0	OG0001300	1	3	Ortholog(s) have Arp2/3 complex binding, actin filament binding, microtubule binding, protein-macromolecule adaptor activity	GO:0007015 (actin filament organization), GO:0007017 (microtubule-based process), GO:0034316 (negative regulation of Arp2/3 complex-mediated actin nucleation), GO:0051666 (actin cortical patch localization), GO:2000601 (positive regulation of Arp2/3 complex-mediated actin nucleation)	GO:0005515 (protein binding), GO:0008017 (microtubule binding), GO:0030674 (protein-macromolecule adaptor activity), GO:0051015 (actin filament binding), GO:0071933 (Arp2/3 complex binding)	GO:0030139 (endocytic vesicle), GO:0030479 (actin cortical patch), GO:0051286 (cell tip), GO:0110085 (mitotic actomyosin contractile ring), GO:1990819 (actin fusion focus)	0.5	0.5291666666666667	4	720	True
Candida_glabrata	SNP	ChrJ_C_glabrata_CBS138	458388	460589	CAGL0J04818g	CRN1	CRN1	0.16310679611650486	0.0	OG0001300	1	3	Coronin-like protein; protein abundance increased in ace2 mutant cells	GO:0007015 (actin filament organization), GO:0007017 (microtubule-based process), GO:0009847 (spore germination), GO:0030100 (regulation of endocytosis), GO:0030448 (hyphal growth), GO:0034316 (negative regulation of Arp2/3 complex-mediated actin nucleation), GO:0048315 (conidium formation), GO:0051666 (actin cortical patch localization), GO:0071555 (cell wall organization), GO:2000601 (positive regulation of Arp2/3 complex-mediated actin nucleation)	GO:0005515 (protein binding), GO:0008017 (microtubule binding), GO:0030674 (protein-macromolecule adaptor activity), GO:0051015 (actin filament binding), GO:0071933 (Arp2/3 complex binding)	GO:0005826 (actomyosin contractile ring), GO:0030139 (endocytic vesicle), GO:0030479 (actin cortical patch), GO:0035838 (growing cell tip), GO:1990819 (actin fusion focus)	0.3181818181818182	0.10966057441253264	22	383	True
Candida_tropicalis	DEL	Supercontig_3.7_C_tropicalis_MYA-3404	675765	676586	gene-CTRG_05120			0.24000000000000005		OG0001300	1	3	Protein of unknown function				0.3333333333333333	0.1875	15	64	True
Candida_albicans	DUP	Ca22chr4A_C_albicans_SC5314	60939	63332	C4_00400W_A	MNR2	MNR2	0.1618682021753039		OG0001440	1	3	Putative ion transporter; fungal-specific (no human or murine homolog)	GO:0010961 (cellular magnesium ion homeostasis), GO:0030001 (metal ion transport), GO:0055085 (transmembrane transport), GO:1903830 (magnesium ion transmembrane transport)	GO:0015095 (magnesium ion transmembrane transporter activity), GO:0046873 (metal ion transmembrane transporter activity)	GO:0000329 (fungal-type vacuole membrane), GO:0016020 (membrane), GO:1990816 (vacuole-mitochondrion membrane contact site)	0.3150684931506849	0.10891089108910891	73	303	True
Candida_auris	SNP	PEKT02000007_C_auris_B8441	526432	529107	gene-B9J08_002836		MNR2	0.5	0.0	OG0001440	1	3	Ortholog(s) have magnesium ion transmembrane transporter activity, role in cellular magnesium ion homeostasis and fungal-type vacuole membrane, vacuole-mitochondrion membrane contact site localization	GO:0010961 (cellular magnesium ion homeostasis), GO:0030001 (metal ion transport), GO:0055085 (transmembrane transport), GO:1903830 (magnesium ion transmembrane transport)	GO:0015095 (magnesium ion transmembrane transporter activity), GO:0046873 (metal ion transmembrane transporter activity)	GO:0000329 (fungal-type vacuole membrane), GO:0016020 (membrane), GO:1990816 (vacuole-mitochondrion membrane contact site)	0.5	0.5	4	720	True
Candida_tropicalis	DUP	Supercontig_3.1_C_tropicalis_MYA-3404	517	2856	gene-CTRG_00001			0.37988826815642457		OG0001440	1	3	Has domain(s) with predicted metal ion transmembrane transporter activity, role in transmembrane transport, metal ion transport and membrane localization	GO:0030001 (metal ion transport), GO:0055085 (transmembrane transport), GO:1903830 (magnesium ion transmembrane transport)	GO:0015095 (magnesium ion transmembrane transporter activity), GO:0046873 (metal ion transmembrane transporter activity)	GO:0016020 (membrane)	0.6666666666666666	0.265625	15	64	True
Candida_albicans	DUP	Ca22chr3A_C_albicans_SC5314	1732312	1733178	C3_07570C_A		CTO1	0.13218738651494977		OG0001586	1	3	Ortholog(s) have thiamine phosphate phosphatase activity and role in phosphate ion transport	GO:0006817 (phosphate ion transport), GO:0008152 (metabolic process)	GO:0042131 (thiamine phosphate phosphatase activity)	GO:0005575 (cellular_component)	0.2876712328767123	0.0858085808580858	73	303	True
Candida_auris	DUP	PEKT02000004_C_auris_B8441	476693	477472	gene-B9J08_001749		CTO1	0.1044776119402985		OG0001586	1	3	Ortholog(s) have thiamine phosphate phosphatase activity and role in phosphate ion transport	GO:0006817 (phosphate ion transport), GO:0008152 (metabolic process)	GO:0042131 (thiamine phosphate phosphatase activity)		0.5	0.058333333333333334	4	720	True
Candida_tropicalis	DUP	Supercontig_3.9_C_tropicalis_MYA-3404	58228	59040	gene-CTRG_05597			0.406570841889117		OG0001586	1	3	Has domain(s) with predicted phosphatase activity and role in metabolic process	GO:0008152 (metabolic process)	GO:0016791 (phosphatase activity)		0.7333333333333333	0.28125	15	64	True
Candida_albicans	DEL	Ca22chrRA_C_albicans_SC5314	493892	496609	CR_02220C_A	OPT3	OPT2	0.17808081820916474		OG0000006	1	2	Oligopeptide transporter; transcript induced by macrophage phagocytosis, BSA or peptides; fluconazole-induced; induced by Rim101 at pH 8; virulence-group-correlated expression; Hap43-repressed; Spider biofilm induced	GO:0006857 (oligopeptide transport), GO:0019740 (nitrogen utilization), GO:0035672 (oligopeptide transmembrane transport), GO:0042144 (vacuole fusion, non-autophagic), GO:0044088 (regulation of vacuole organization), GO:0045454 (cell redox homeostasis), GO:0051515 (positive regulation of monopolar cell growth), GO:0055085 (transmembrane transport), GO:0061091 (regulation of phospholipid translocation)	GO:0035673 (oligopeptide transmembrane transporter activity)	GO:0000138 (Golgi trans cisterna), GO:0005777 (peroxisome), GO:0005886 (plasma membrane)	0.3287671232876712	0.12211221122112212	73	303	True
Candida_albicans	DEL	Ca22chrRA_C_albicans_SC5314	499907	502696	CR_02240C_A	OPT2		0.12540785927081857		OG0000006	1	2	Oligopeptide transporter; induced upon phagocytosis by macrophage; macrophage/pseudohyphal-repressed after 16h; fluconazole-induced; virulence-group-correlated expression; Hap43-repressed	GO:0006857 (oligopeptide transport), GO:0019740 (nitrogen utilization), GO:0035672 (oligopeptide transmembrane transport), GO:0055085 (transmembrane transport)	GO:0035673 (oligopeptide transmembrane transporter activity)	GO:0005886 (plasma membrane)	0.2328767123287671	0.0858085808580858	73	303	True
Candida_tropicalis	DEL	Supercontig_3.1_C_tropicalis_MYA-3404	1814452	1817262	gene-CTRG_00810			0.22680412371134023		OG0000006	1	2	Has domain(s) with predicted role in transmembrane transport	GO:0055085 (transmembrane transport)	GO:0035673 (oligopeptide transmembrane transporter activity)		0.3333333333333333	0.171875	15	64	True
Candida_auris	DEL	PEKT02000007_C_auris_B8441	3093802	3096522	gene-B9J08_004061	MRR1a		0.19282511210762332		OG0000007	2	2	Has domain(s) with predicted DNA binding, DNA-binding transcription factor activity, RNA polymerase II-specific, zinc ion binding activity and role in regulation of transcription, DNA-templated, transcription, DNA-templated	GO:0006351 (transcription, DNA-templated), GO:0006355 (regulation of transcription, DNA-templated)	GO:0000981 (DNA-binding transcription factor activity, RNA polymerase II-specific), GO:0003677 (DNA binding), GO:0008270 (zinc ion binding)	GO:0005634 (nucleus), GO:0042025 (host cell nucleus)	0.5	0.11944444444444445	4	720	True
Candida_auris	SNP	PEKT02000007_C_auris_B8441	239776	241959	gene-B9J08_002686			0.34306569343065696	0.0	OG0000007	2	2	Protein of unknown function				0.5	0.2611111111111111	4	720	True
Candida_auris	SNP	PEKT02000007_C_auris_B8441	3093802	3096522	gene-B9J08_004061	MRR1a		0.22746781115879827	0.0	OG0000007	2	2	Has domain(s) with predicted DNA binding, DNA-binding transcription factor activity, RNA polymerase II-specific, zinc ion binding activity and role in regulation of transcription, DNA-templated, transcription, DNA-templated	GO:0006351 (transcription, DNA-templated), GO:0006355 (regulation of transcription, DNA-templated)	GO:0000981 (DNA-binding transcription factor activity, RNA polymerase II-specific), GO:0003677 (DNA binding), GO:0008270 (zinc ion binding)	GO:0005634 (nucleus), GO:0042025 (host cell nucleus)	0.5	0.14722222222222223	4	720	True
Candida_tropicalis	if_INDEL	Supercontig_3.7_C_tropicalis_MYA-3404	878003	881254	gene-CTRG_05208			0.2305986696230599		OG0000007	1	2	Protein of unknown function	GO:0006351 (transcription, DNA-templated), GO:0006355 (regulation of transcription, DNA-templated), GO:0030447 (filamentous growth), GO:0034599 (cellular response to oxidative stress), GO:0035690 (cellular response to drug), GO:0036180 (filamentous growth of a population of unicellular organisms in response to biotic stimulus), GO:0044117 (biological process involved in interaction with host), GO:0071216 (cellular response to biotic stimulus), GO:1900445 (positive regulation of filamentous growth of a population of unicellular organisms in response to biotic stimulus)	GO:0000981 (DNA-binding transcription factor activity, RNA polymerase II-specific), GO:0003677 (DNA binding), GO:0008270 (zinc ion binding)	GO:0005634 (nucleus)	0.26666666666666666	0.203125	15	64	True
Candida_auris	SNP	PEKT02000001_C_auris_B8441	348521	353047	gene-B9J08_000164		PDR5	0.7128279883381924	0.0	OG0000009	1	2	Ortholog(s) have ATPase-coupled xenobiotic transmembrane transporter activity and role in cellular cation homeostasis, response to drug, xenobiotic detoxification by transmembrane export across the plasma membrane	GO:0030003 (cellular cation homeostasis), GO:0042493 (response to drug), GO:0055085 (transmembrane transport), GO:1990961 (xenobiotic detoxification by transmembrane export across the plasma membrane)	GO:0000166 (nucleotide binding), GO:0003924 (GTPase activity), GO:0005524 (ATP binding), GO:0005525 (GTP binding), GO:0008559 (ABC-type xenobiotic transporter activity), GO:0016887 (ATP hydrolysis activity), GO:0017111 (nucleoside-triphosphatase activity), GO:0042626 (ATPase-coupled transmembrane transporter activity), GO:0140359 (ABC-type transporter activity)	GO:0005886 (plasma membrane), GO:0016020 (membrane), GO:0016021 (integral component of membrane)	0.75	0.6791666666666667	4	720	True
Candida_tropicalis	DEL	Supercontig_3.4_C_tropicalis_MYA-3404	1152231	1156670	gene-CTRG_03526			0.31203566121842496		OG0000009	1	2	Has domain(s) with predicted ATP binding, ATPase activity, coupled to transmembrane movement of substances activity, role in transport and integral to membrane localization	GO:0006810 (transport), GO:0055085 (transmembrane transport), GO:1990961 (xenobiotic detoxification by transmembrane export across the plasma membrane)	GO:0000166 (nucleotide binding), GO:0005524 (ATP binding), GO:0016887 (ATP hydrolysis activity), GO:0017111 (nucleoside-triphosphatase activity), GO:0042626 (ATPase-coupled transmembrane transporter activity)	GO:0016020 (membrane), GO:0016021 (integral component of membrane)	0.4666666666666667	0.234375	15	64	True
Candida_glabrata	DEL	ChrH_C_glabrata_CBS138	890587	894309	CAGL0H09130g		MNN4	0.1007377257695243		OG0000017	1	2	Ortholog(s) have enzyme activator activity and role in fungal-type cell wall polysaccharide biosynthetic process, protein N-linked glycosylation, protein O-linked glycosylation	GO:0006487 (protein N-linked glycosylation), GO:0006493 (protein O-linked glycosylation), GO:0051278 (fungal-type cell wall polysaccharide biosynthetic process)	GO:0008047 (enzyme activator activity)	GO:0005575 (cellular_component)	0.4090909090909091	0.057441253263707574	22	383	True
Candida_tropicalis	DEL	Supercontig_3.5_C_tropicalis_MYA-3404	194259	197099	gene-CTRG_03822			0.3050847457627119		OG0000017	1	2	Ortholog(s) have role in cell wall mannoprotein biosynthetic process, pathogenesis	GO:0000032 (cell wall mannoprotein biosynthetic process)			0.3333333333333333	0.28125	15	64	True
Candida_albicans	DUP	Ca22chr7A_C_albicans_SC5314	897141	898802	C7_04160W_A			0.15986677768526228		OG0000023	1	2	Protein of allantoate permease family; fungal-specific (no human or murine homolog); Hap43p-repressed gene	GO:0006820 (anion transport), GO:0055085 (transmembrane transport)	GO:0015296 (anion:cation symporter activity), GO:0022857 (transmembrane transporter activity)	GO:0016020 (membrane)	0.3287671232876712	0.10561056105610561	73	303	True
Candida_parapsilosis	DEL	Contig006110_C_parapsilosis_CDC317	633664	635307	gene-CPAR2_702970			0.810126582278481		OG0000023	1	2	Ortholog of C. albicans SC5314 : C7_01990C_A, C. dubliniensis CD36 : Cd36_71800, Pichia stipitis Pignal : PICST_46242, Candida tropicalis MYA-3404 : CTRG_05012 and Candida albicans WO-1 : CAWG_05549	GO:0008150 (biological_process), GO:0055085 (transmembrane transport)	GO:0003674 (molecular_function), GO:0022857 (transmembrane transporter activity)	GO:0005575 (cellular_component)	1.0	0.6808510638297872	2	47	True
Candida_auris	SNP	PEKT02000013_C_auris_B8441	15604	17145	gene-B9J08_005572			0.5533498759305211	0.0	OG0000148	1	2	Has domain(s) with predicted transmembrane transporter activity, role in transmembrane transport and integral component of membrane localization	GO:0055085 (transmembrane transport)	GO:0022857 (transmembrane transporter activity)	GO:0016021 (integral component of membrane)	0.5	0.6194444444444445	4	720	True
Candida_tropicalis	DUP	Supercontig_3.8_C_tropicalis_MYA-3404	796332	797861	gene-CTRG_05562			0.33707865168539325		OG0000148	1	2	Ortholog(s) have role in NAD transport and plasma membrane localization	GO:0043132 (NAD transport), GO:0055085 (transmembrane transport)	GO:0022857 (transmembrane transporter activity)	GO:0005886 (plasma membrane), GO:0016021 (integral component of membrane)	0.6	0.234375	15	64	True
Candida_albicans	DUP	Ca22chr6A_C_albicans_SC5314	1025130	1026875	C6_04620C_A	NAG4		0.2014131405831235		OG0000183	1	2	Putative transporter; fungal-specific; similar to Nag3p and to S. cerevisiae Ypr156Cp and Ygr138Cp; required for wild-type mouse virulence and wild-type cycloheximide resistance; gene cluster encodes enzymes of GlcNAc catabolism	GO:0008645 (hexose transmembrane transport), GO:0015749 (monosaccharide transmembrane transport), GO:0035690 (cellular response to drug), GO:0055085 (transmembrane transport), GO:1990961 (xenobiotic detoxification by transmembrane export across the plasma membrane)	GO:0015145 (monosaccharide transmembrane transporter activity), GO:0022857 (transmembrane transporter activity), GO:0042910 (xenobiotic transmembrane transporter activity)	GO:0016020 (membrane), GO:0016021 (integral component of membrane)	0.4246575342465753	0.132013201320132	73	303	True
Candida_albicans	DUP	Ca22chr6A_C_albicans_SC5314	1023237	1024922	C6_04610C_A	NAG3		0.1882791959969468		OG0000183	1	2	Putative MFS transporter; similar to Nag4; required for wild-type mouse virulence and cycloheximide resistance; in gene cluster that includes genes encoding enzymes of GlcNAc catabolism; Spider biofilm repressed	GO:0008645 (hexose transmembrane transport), GO:0015749 (monosaccharide transmembrane transport), GO:0035690 (cellular response to drug), GO:0055085 (transmembrane transport), GO:1990961 (xenobiotic detoxification by transmembrane export across the plasma membrane)	GO:0015145 (monosaccharide transmembrane transporter activity), GO:0022857 (transmembrane transporter activity), GO:0042910 (xenobiotic transmembrane transporter activity)	GO:0016020 (membrane), GO:0016021 (integral component of membrane)	0.410958904109589	0.12211221122112212	73	303	True
Candida_orthopsilosis	DEL	Chr7_C_orthopsilosis_Co_90-125	31384	32407	gene-CORT_0G00240			0.5357142857142857		OG0000183	1	2	Ortholog(s) have role in pathogenesis, cellular response to drug, hexose transport	GO:0008645 (hexose transmembrane transport), GO:0035690 (cellular response to drug), GO:0055085 (transmembrane transport)	GO:0022857 (transmembrane transporter activity)	GO:0016021 (integral component of membrane)	0.75	0.4166666666666667	4	12	True
Candida_auris	DEL	PEKT02000004_C_auris_B8441	18275	19468	gene-B9J08_001535			0.15		OG0000194	1	2	Has domain(s) with predicted catalytic activity, oxidoreductase activity		GO:0003824 (catalytic activity), GO:0010181 (FMN binding), GO:0016491 (oxidoreductase activity)		0.75	0.08333333333333333	4	720	True
Candida_tropicalis	DUP	Supercontig_3.4_C_tropicalis_MYA-3404	1429589	1431343	gene-CTRG_03635			0.3385490753911807		OG0000194	1	2	Has domain(s) with predicted FMN binding, heme binding, oxidoreductase activity and role in oxidation-reduction process		GO:0003824 (catalytic activity), GO:0010181 (FMN binding), GO:0016491 (oxidoreductase activity), GO:0020037 (heme binding)		0.4666666666666667	0.265625	15	64	True
Candida_auris	DUP	PEKT02000009_C_auris_B8441	738965	740155	gene-B9J08_004787		CMR3	0.08629441624365482		OG0000199	1	2	Ortholog(s) have DNA binding activity		GO:0003677 (DNA binding), GO:0008270 (zinc ion binding)		0.5	0.04722222222222222	4	720	True
Candida_glabrata	SNP	ChrJ_C_glabrata_CBS138	151557	154136	CAGL0J01595g	GLM6		0.118895966029724	0.0221	OG0000199	1	2	Gene used for molecular typing of C. glabrata strain isolates	GO:0008150 (biological_process)	GO:0003676 (nucleic acid binding), GO:0008270 (zinc ion binding)	GO:0005575 (cellular_component)	0.3181818181818182	0.0731070496083551	22	383	True
Candida_auris	DEL	PEKT02000001_C_auris_B8441	819673	821286	gene-B9J08_000401		FLO8	0.29284649776453053		OG0000259	1	2	Ortholog(s) have DNA-binding transcription activator activity, RNA polymerase II-specific, RNA polymerase II cis-regulatory region sequence-specific DNA binding activity	GO:0045944 (positive regulation of transcription by RNA polymerase II), GO:1900189 (positive regulation of cell adhesion involved in single-species biofilm formation)	GO:0000978 (RNA polymerase II cis-regulatory region sequence-specific DNA binding), GO:0001228 (DNA-binding transcription activator activity, RNA polymerase II-specific)	GO:0005634 (nucleus)	0.75	0.18194444444444444	4	720	True
Candida_glabrata	DEL	ChrF_C_glabrata_CBS138	744030	747903	CAGL0F07667g	MSS11	MSS11	0.16638225255972697		OG0000259	1	2	Ortholog(s) have DNA-binding transcription factor activity	GO:0036178 (filamentous growth of a population of unicellular organisms in response to neutral pH), GO:0036244 (cellular response to neutral pH), GO:1900442 (positive regulation of filamentous growth of a population of unicellular organisms in response to neutral pH), GO:1900461 (positive regulation of pseudohyphal growth by positive regulation of transcription from RNA polymerase II promoter)	GO:0003700 (DNA-binding transcription factor activity), GO:0005515 (protein binding)	GO:0005575 (cellular_component)	0.45454545454545453	0.10182767624020887	22	383	True
Candida_glabrata	DEL	ChrG_C_glabrata_CBS138	327473	330944	CAGL0G03421g	FLO8		0.11441144114411442		OG0000259	1	2	Protein of unknown function	GO:0008150 (biological_process)	GO:0003674 (molecular_function), GO:0005515 (protein binding)	GO:0005575 (cellular_component)	0.36363636363636365	0.06788511749347259	22	383	True
Candida_albicans	DUP	Ca22chr3A_C_albicans_SC5314	81718	83028	C3_00560C_A	SOF1	SOF1	0.19813853588688024		OG0000281	1	2	Putative protein with a predicted role in 40S ribosomal subunit biogenesis; rat catheter biofilm induced	GO:0000462 (maturation of SSU-rRNA from tricistronic rRNA transcript (SSU-rRNA, 5.8S rRNA, LSU-rRNA))	GO:0003674 (molecular_function), GO:0005515 (protein binding)	GO:0005730 (nucleolus), GO:0032040 (small-subunit processome)	0.3698630136986301	0.1353135313531353	73	303	True
Candida_tropicalis	DEL	Supercontig_3.12_C_tropicalis_MYA-3404	124473	125834	gene-CTRG_06223			0.25531914893617025		OG0000281	1	2	Has domain(s) with predicted protein binding activity		GO:0005515 (protein binding)		0.4	0.1875	15	64	True
Candida_albicans	if_INDEL	Ca22chrRA_C_albicans_SC5314	556957	560259	CR_02510W_A		AZF1	0.07819044959508517		OG0000285	1	2	C2H2 transcription factor; induced by Mnl1 under weak acid stress	GO:0006355 (regulation of transcription, DNA-templated), GO:0006357 (regulation of transcription by RNA polymerase II), GO:0035690 (cellular response to drug), GO:0060237 (regulation of fungal-type cell wall organization), GO:0071322 (cellular response to carbohydrate stimulus)	GO:0000978 (RNA polymerase II cis-regulatory region sequence-specific DNA binding), GO:0001228 (DNA-binding transcription activator activity, RNA polymerase II-specific), GO:0003700 (DNA-binding transcription factor activity), GO:0008270 (zinc ion binding)	GO:0005634 (nucleus), GO:0005829 (cytosol)	0.0958904109589041	0.066006600660066	73	303	True
Candida_glabrata	DEL	ChrL_C_glabrata_CBS138	448047	456206	CAGL0L03916g			0.1192982456140351		OG0000285	1	2	Has domain(s) with predicted nucleic acid binding activity	GO:0008150 (biological_process)	GO:0003676 (nucleic acid binding)	GO:0005575 (cellular_component)	0.18181818181818182	0.08877284595300261	22	383	True
Candida_auris	DUP	PEKT02000003_C_auris_B8441	252855	254024	gene-B9J08_001183		ZRC1	0.09547738693467336		OG0000393	1	2	Ortholog(s) have zinc ion transmembrane transporter activity	GO:0006812 (cation transport), GO:0006877 (cellular cobalt ion homeostasis), GO:0006882 (cellular zinc ion homeostasis), GO:0055085 (transmembrane transport), GO:0062111 (zinc ion import into organelle), GO:0098849 (cellular detoxification of cadmium ion), GO:0140209 (zinc ion import into endoplasmic reticulum)	GO:0005385 (zinc ion transmembrane transporter activity), GO:0008324 (cation transmembrane transporter activity)	GO:0000324 (fungal-type vacuole), GO:0000329 (fungal-type vacuole membrane), GO:0005789 (endoplasmic reticulum membrane), GO:0016021 (integral component of membrane)	0.5	0.05277777777777778	4	720	True
Candida_tropicalis	DUP	Supercontig_3.2_C_tropicalis_MYA-3404	734603	735988	gene-CTRG_01409			0.3206106870229008		OG0000393	1	2	Has domain(s) with predicted cation transmembrane transporter activity, role in transmembrane transport, cation transport and integral to membrane localization	GO:0006812 (cation transport), GO:0055085 (transmembrane transport)	GO:0008324 (cation transmembrane transporter activity)	GO:0016021 (integral component of membrane)	0.6	0.21875	15	64	True
Candida_tropicalis	DUP	Supercontig_3.2_C_tropicalis_MYA-3404	743183	744568	gene-CTRG_01413			0.3035019455252918		OG0000393	1	2	Ortholog(s) have role in filamentous growth	GO:0006812 (cation transport), GO:0010312 (detoxification of zinc ion), GO:0030447 (filamentous growth), GO:0055085 (transmembrane transport)	GO:0008324 (cation transmembrane transporter activity)	GO:0016021 (integral component of membrane)	0.6	0.203125	15	64	True
Candida_albicans	DEL	Ca22chr2A_C_albicans_SC5314	1001834	1004284	C2_04780W_A			0.10907964053300281		OG0000408	1	2	Ortholog of Candida albicans WO-1 : CAWG_04234	GO:0006338 (chromatin remodeling), GO:0008150 (biological_process), GO:0043486 (histone exchange)	GO:0003674 (molecular_function)	GO:0000812 (Swr1 complex), GO:0005575 (cellular_component)	0.2191780821917808	0.07260726072607261	73	303	True
Candida_tropicalis	DEL	Supercontig_3.2_C_tropicalis_MYA-3404	1193248	1196493	gene-CTRG_01623			0.2416918429003021		OG0000408	2	2	Protein of unknown function	GO:0006338 (chromatin remodeling), GO:0043486 (histone exchange)		GO:0000812 (Swr1 complex)	0.5333333333333333	0.15625	15	64	True
Candida_tropicalis	if_INDEL	Supercontig_3.2_C_tropicalis_MYA-3404	1193248	1196493	gene-CTRG_01623			0.28304821150855364		OG0000408	2	2	Protein of unknown function	GO:0006338 (chromatin remodeling), GO:0043486 (histone exchange)		GO:0000812 (Swr1 complex)	0.4666666666666667	0.203125	15	64	True
Candida_glabrata	SNP	ChrJ_C_glabrata_CBS138	435534	437438	CAGL0J04576g			0.14939530471899454	0.0	OG0000427	1	2	Has domain(s) with predicted role in peptidyl-diphthamide biosynthetic process from peptidyl-histidine and cytoplasm localization	GO:0017183 (peptidyl-diphthamide biosynthetic process from peptidyl-histidine)	GO:0003674 (molecular_function)	GO:0005737 (cytoplasm)	0.4090909090909091	0.09138381201044386	22	383	True
Candida_tropicalis	DUP	Supercontig_3.1_C_tropicalis_MYA-3404	232364	233938	gene-CTRG_00107			0.35294117647058826		OG0000427	1	2	Has domain(s) with predicted role in peptidyl-diphthamide biosynthetic process from peptidyl-histidine and cytoplasm localization	GO:0017183 (peptidyl-diphthamide biosynthetic process from peptidyl-histidine)		GO:0005737 (cytoplasm)	0.6	0.25	15	64	True
Candida_albicans	DUP	Ca22chr3A_C_albicans_SC5314	1682965	1687116	C3_07320W_A	MDS3	MDS3	0.12682308180088778		OG0000503	1	2	TOR signaling pathway component; required for growth and hyphal formation at alkaline pH, for full virulence in a mouse model of systemic infection and for SD and Spider medium biofilm formation; role in chlamydospore formation	GO:0000747 (conjugation with cellular fusion), GO:0001410 (chlamydospore formation), GO:0007124 (pseudohyphal growth), GO:0010570 (regulation of filamentous growth), GO:0010811 (positive regulation of cell-substrate adhesion), GO:0030447 (filamentous growth), GO:0031929 (TOR signaling), GO:0032005 (signal transduction involved in positive regulation of conjugation with cellular fusion), GO:0034605 (cellular response to heat), GO:0036168 (filamentous growth of a population of unicellular organisms in response to heat), GO:0036170 (filamentous growth of a population of unicellular organisms in response to starvation), GO:0036171 (filamentous growth of a population of unicellular organisms in response to chemical stimulus), GO:0036177 (filamentous growth of a population of unicellular organisms in response to pH), GO:0044011 (single-species biofilm formation on inanimate substrate), GO:0044182 (filamentous growth of a population of unicellular organisms), GO:0070887 (cellular response to chemical stimulus), GO:0071467 (cellular response to pH), GO:0075297 (negative regulation of ascospore formation), GO:1900439 (positive regulation of filamentous growth of a population of unicellular organisms in response to chemical stimulus)	GO:0003674 (molecular_function), GO:0005515 (protein binding)	GO:0005575 (cellular_component)	0.273972602739726	0.08250825082508251	73	303	True
Candida_auris	DEL	PEKT02000007_C_auris_B8441	1998341	2002846	gene-B9J08_003567		MDS3	0.45454545454545453		OG0000503	1	2	Ortholog(s) have role in TOR signaling, negative regulation of ascospore formation, pseudohyphal growth	GO:0007124 (pseudohyphal growth), GO:0031929 (TOR signaling), GO:0075297 (negative regulation of ascospore formation)	GO:0005515 (protein binding)		0.5	0.4166666666666667	4	720	True
Candida_albicans	DUP	Ca22chr4A_C_albicans_SC5314	17803	18462	C4_00120W_A	PGA7		0.21526995406881014		OG0000519	1	2	GPI-linked hyphal surface antigen; induced by ciclopirox olamine, ketoconazole, Rim101 at pH 8; Hap43, fluconazole; flow model biofilm induced; Spider biofilm induced; required for RPMI biofilm; Bcr1-induced in a/a biofilm	GO:0044011 (single-species biofilm formation on inanimate substrate)	GO:0020037 (heme binding)	GO:0009986 (cell surface)	0.3698630136986301	0.15181518151815182	73	303	True
Candida_tropicalis	DUP	Supercontig_3.1_C_tropicalis_MYA-3404	215411	216076	gene-CTRG_00098			0.35294117647058826		OG0000519	1	2	Protein of unknown function				0.6	0.25	15	64	True
Candida_tropicalis	DUP	Supercontig_3.1_C_tropicalis_MYA-3404	234869	235534	gene-CTRG_00108			0.35294117647058826		OG0000519	1	2	Ortholog(s) have role in single-species biofilm formation on inanimate substrate	GO:0044011 (single-species biofilm formation on inanimate substrate)	GO:0020037 (heme binding)	GO:0009986 (cell surface)	0.6	0.25	15	64	True
Candida_albicans	DUP	Ca22chr4A_C_albicans_SC5314	54076	55311	C4_00360C_A	RCH1	RCH1	0.16548513384827004		OG0000569	1	2	Plasma membrane protein; involved in regulation of cytosolic calcium homeostasis; null mutation confers sensitivity to calcium and resistance to azoles and terbinafine; rat catheter biofilm induced	GO:0051481 (negative regulation of cytosolic calcium ion concentration), GO:0070509 (calcium ion import)	GO:0003674 (molecular_function)	GO:0005886 (plasma membrane), GO:0005935 (cellular bud neck)	0.3150684931506849	0.11221122112211221	73	303	True
Candida_tropicalis	DUP	Supercontig_3.10_C_tropicalis_MYA-3404	3662	4903	gene-CTRG_05773			0.38095238095238093		OG0000569	1	2	Protein of unknown function				0.8	0.25	15	64	True
Candida_albicans	if_INDEL	Ca22chr4A_C_albicans_SC5314	101589	103595	C4_00590C_A		YAP1801	0.1720624858501245		OG0000572	1	2	Protein with a predicted role in clathrin cage assembly; Hap43-repressed; Spider biofilm repressed	GO:0006897 (endocytosis), GO:0048268 (clathrin coat assembly)	GO:0005543 (phospholipid binding), GO:0005545 (1-phosphatidylinositol binding), GO:0030276 (clathrin binding)	GO:0005575 (cellular_component), GO:0030136 (clathrin-coated vesicle)	0.273972602739726	0.1254125412541254	73	303	True
Candida_glabrata	if_INDEL	ChrI_C_glabrata_CBS138	184770	187128	CAGL0I02156g		YAP1801	0.18350414836505613		OG0000572	1	2	Ortholog(s) have clathrin binding activity	GO:0048268 (clathrin coat assembly)	GO:0005543 (phospholipid binding), GO:0005545 (1-phosphatidylinositol binding), GO:0030276 (clathrin binding)	GO:0030118 (clathrin coat), GO:0030136 (clathrin-coated vesicle)	0.36363636363636365	0.1227154046997389	22	383	True
Candida_auris	SNP	PEKT02000007_C_auris_B8441	2794159	2799441	gene-B9J08_003924		IRA2	0.02173913043478261	0.00047888888888888894	OG0000601	1	2	Ortholog(s) have GTPase activator activity	GO:0007165 (signal transduction), GO:0007193 (adenylate cyclase-inhibiting G protein-coupled receptor signaling pathway), GO:0034599 (cellular response to oxidative stress), GO:0043087 (regulation of GTPase activity), GO:0043547 (positive regulation of GTPase activity), GO:0046580 (negative regulation of Ras protein signal transduction), GO:0070301 (cellular response to hydrogen peroxide), GO:0070417 (cellular response to cold), GO:0071248 (cellular response to metal ion)	GO:0005096 (GTPase activator activity)	GO:0005739 (mitochondrion), GO:0005789 (endoplasmic reticulum membrane)	0.5	0.011111111111111112	4	720	True
Candida_glabrata	DEL	ChrM_C_glabrata_CBS138	987294	996992	CAGL0M09999g		IRA1	0.10722610722610723		OG0000601	2	2	Ortholog(s) have GTPase activator activity	GO:0007165 (signal transduction), GO:0007193 (adenylate cyclase-inhibiting G protein-coupled receptor signaling pathway), GO:0043087 (regulation of GTPase activity), GO:0043547 (positive regulation of GTPase activity), GO:0045761 (regulation of adenylate cyclase activity), GO:0046580 (negative regulation of Ras protein signal transduction)	GO:0005096 (GTPase activator activity)	GO:0005622 (intracellular anatomical structure), GO:0016020 (membrane)	0.5	0.06005221932114883	22	383	True
Candida_glabrata	SNP	ChrM_C_glabrata_CBS138	987294	996992	CAGL0M09999g		IRA1	0.2850061957868649	0.0	OG0000601	2	2	Ortholog(s) have GTPase activator activity	GO:0007165 (signal transduction), GO:0007193 (adenylate cyclase-inhibiting G protein-coupled receptor signaling pathway), GO:0043087 (regulation of GTPase activity), GO:0043547 (positive regulation of GTPase activity), GO:0045761 (regulation of adenylate cyclase activity), GO:0046580 (negative regulation of Ras protein signal transduction)	GO:0005096 (GTPase activator activity)	GO:0005622 (intracellular anatomical structure), GO:0016020 (membrane)	0.6818181818181818	0.1801566579634465	22	383	True
Candida_glabrata	SNP	ChrI_C_glabrata_CBS138	763876	773363	CAGL0I07909g		IRA2	0.2300680075242367	0.018133333333333335	OG0000601	2	2	Ortholog(s) have GTPase activator activity	GO:0007165 (signal transduction), GO:0007193 (adenylate cyclase-inhibiting G protein-coupled receptor signaling pathway), GO:0043087 (regulation of GTPase activity), GO:0043547 (positive regulation of GTPase activity), GO:0046580 (negative regulation of Ras protein signal transduction), GO:0070301 (cellular response to hydrogen peroxide), GO:0070417 (cellular response to cold), GO:0071248 (cellular response to metal ion), GO:1900233 (positive regulation of single-species biofilm formation on inanimate substrate)	GO:0005096 (GTPase activator activity)	GO:0005739 (mitochondrion), GO:0005789 (endoplasmic reticulum membrane)	0.6818181818181818	0.13838120104438642	22	383	True
Candida_albicans	DUP	Ca22chr4A_C_albicans_SC5314	64264	66699	C4_00420C_A		SYP1	0.14731673097158893		OG0000621	1	2	Ortholog(s) have enzyme inhibitor activity and role in actin cortical patch assembly, negative regulation of catalytic activity, septin cytoskeleton organization	GO:0000147 (actin cortical patch assembly), GO:0032185 (septin cytoskeleton organization), GO:0043086 (negative regulation of catalytic activity)	GO:0004857 (enzyme inhibitor activity)	GO:0000144 (cellular bud neck septin ring), GO:0001400 (mating projection base), GO:0005934 (cellular bud tip), GO:0005935 (cellular bud neck), GO:0061645 (endocytic patch)	0.2876712328767123	0.09900990099009901	73	303	True
Candida_tropicalis	DUP	Supercontig_3.1_C_tropicalis_MYA-3404	3573	5879	gene-CTRG_00003			0.37988826815642457		OG0000621	1	2	Protein of unknown function				0.6666666666666666	0.265625	15	64	True
Candida_albicans	DUP	Ca22chr3A_C_albicans_SC5314	83705	85030	C3_00570C_A		PSR1	0.19813853588688024		OG0000678	1	2	Predicted plasma membrane associated protein phosphatase; required for normal filamentous growth; mRNA binds She3 and is localized to hyphal tips	GO:0006470 (protein dephosphorylation), GO:0030447 (filamentous growth), GO:0061408 (positive regulation of transcription from RNA polymerase II promoter in response to heat stress), GO:0071472 (cellular response to salt stress), GO:1904262 (negative regulation of TORC1 signaling)	GO:0004721 (phosphoprotein phosphatase activity), GO:0016791 (phosphatase activity)	GO:0005886 (plasma membrane)	0.3698630136986301	0.1353135313531353	73	303	True
Candida_glabrata	SNP	ChrD_C_glabrata_CBS138	534792	536525	CAGL0D05610g		PSR1	0.15428087030234527	0.02946666666666667	OG0000678	1	2	Ortholog(s) have phosphoprotein phosphatase activity, role in cellular response to salt stress, filamentous growth, protein dephosphorylation, response to heat and plasma membrane localization	GO:0006470 (protein dephosphorylation), GO:0009408 (response to heat), GO:0030447 (filamentous growth), GO:0071472 (cellular response to salt stress)	GO:0004721 (phosphoprotein phosphatase activity), GO:0016791 (phosphatase activity)	GO:0005886 (plasma membrane)	0.3181818181818182	0.10182767624020887	22	383	True
Candida_orthopsilosis	SNP	Chr2_C_orthopsilosis_Co_90-125	481416	482840	gene-CORT_0B02320			0.4	0.0001	OG0000736	1	2	Ortholog(s) have cell surface, extracellular region localization	GO:0005975 (carbohydrate metabolic process)	GO:0003824 (catalytic activity), GO:0043169 (cation binding)	GO:0005576 (extracellular region), GO:0009986 (cell surface)	0.5	0.3333333333333333	4	12	True
Candida_tropicalis	DEL	Supercontig_3.8_C_tropicalis_MYA-3404	533993	535615	gene-CTRG_05458			0.2127659574468085		OG0000736	1	2	Ortholog(s) have cell surface, extracellular region localization			GO:0005576 (extracellular region), GO:0009986 (cell surface)	0.3333333333333333	0.15625	15	64	True
Candida_albicans	DUP	Ca22chr1A_C_albicans_SC5314	31842	32444	C1_00180W_A	RPL16A	RPL16A	0.20912292470233104		OG0000870	1	2	Ribosomal protein; transposon mutation affects filamentous growth; repressed upon phagocytosis by murine macrophages; Hap43-induced; Spider biofilm repressed	GO:0006412 (translation), GO:0009267 (cellular response to starvation), GO:0030447 (filamentous growth), GO:0036170 (filamentous growth of a population of unicellular organisms in response to starvation), GO:0036180 (filamentous growth of a population of unicellular organisms in response to biotic stimulus), GO:0071216 (cellular response to biotic stimulus)	GO:0003723 (RNA binding), GO:0003735 (structural constituent of ribosome)	GO:0005840 (ribosome), GO:0015934 (large ribosomal subunit), GO:0016020 (membrane), GO:0022625 (cytosolic large ribosomal subunit), GO:0032040 (small-subunit processome)	0.3972602739726027	0.1419141914191419	73	303	True
Candida_tropicalis	DUP	Supercontig_3.6_C_tropicalis_MYA-3404	22211	22813	gene-CTRG_04292			0.37988826815642457		OG0000870	1	2	Ortholog(s) have  and small-subunit processome, membrane localization	GO:0006412 (translation), GO:0009267 (cellular response to starvation), GO:0030447 (filamentous growth), GO:0036170 (filamentous growth of a population of unicellular organisms in response to starvation), GO:0036180 (filamentous growth of a population of unicellular organisms in response to biotic stimulus), GO:0071216 (cellular response to biotic stimulus)	GO:0003735 (structural constituent of ribosome)	GO:0005840 (ribosome), GO:0015934 (large ribosomal subunit), GO:0016020 (membrane), GO:0032040 (small-subunit processome)	0.6666666666666666	0.265625	15	64	True
Candida_albicans	DUP	Ca22chr3A_C_albicans_SC5314	68046	68837	C3_00480C_A	DOT5	DOT5	0.20363636363636367		OG0000988	1	2	Putative nuclear thiol peroxidase; alkaline downregulated; sumoylation target; Spider and flow model biofilm induced	GO:0034599 (cellular response to oxidative stress), GO:0045454 (cell redox homeostasis)	GO:0008379 (thioredoxin peroxidase activity), GO:0016209 (antioxidant activity), GO:0016491 (oxidoreductase activity)	GO:0005634 (nucleus)	0.3835616438356164	0.13861386138613863	73	303	True
Candida_tropicalis	DEL	Supercontig_3.12_C_tropicalis_MYA-3404	67826	68728	gene-CTRG_06196			0.31203566121842496		OG0000988	1	2	Has domain(s) with predicted antioxidant, oxidoreductase activity and role in oxidation-reduction process		GO:0016209 (antioxidant activity), GO:0016491 (oxidoreductase activity)		0.4666666666666667	0.234375	15	64	True
Candida_albicans	DUP	Ca22chr3A_C_albicans_SC5314	1734635	1735285	C3_07600W_A		YCR016W	0.13218738651494977		OG0001097	1	2	Ortholog of S. cerevisiae : YCR016W, C. glabrata CBS138 : CAGL0L07832g, C. dubliniensis CD36 : Cd36_87480, C. parapsilosis CDC317 : CPAR2_808240 and C. auris B8441 : B9J08_001753	GO:0008150 (biological_process)	GO:0003674 (molecular_function)	GO:0005575 (cellular_component)	0.2876712328767123	0.0858085808580858	73	303	True
Candida_tropicalis	DUP	Supercontig_3.9_C_tropicalis_MYA-3404	55809	56477	gene-CTRG_05594			0.422649140546006		OG0001097	1	2	Protein of unknown function				0.7333333333333333	0.296875	15	64	True
Candida_albicans	DUP	Ca22chr5A_C_albicans_SC5314	42567	43190	C5_00250C_A		BER1	0.17255392310096904		OG0001225	1	2	Protein with a predicted role in microtubule-related processes; Spider biofilm induced	GO:0007017 (microtubule-based process)	GO:0003674 (molecular_function)	GO:0005575 (cellular_component)	0.3150684931506849	0.1188118811881188	73	303	True
Candida_tropicalis	DUP	Supercontig_3.8_C_tropicalis_MYA-3404	41694	42329	gene-CTRG_05247			0.38095238095238093		OG0001225	1	2	Protein of unknown function				0.8	0.25	15	64	True
Candida_albicans	DUP	Ca22chr4A_C_albicans_SC5314	67988	69430	C4_00430W_A	MEP2	MEP2	0.14731673097158893		OG0001283	1	2	Ammonium permease and regulator of nitrogen starvation-induced filamentation; 11 predicted transmembrane regions; in low nitrogen cytoplasmic C-terminus activates Ras/cAMP and MAPK signal transduction pathways to induce filamentation	GO:0001402 (signal transduction involved in filamentous growth), GO:0001403 (invasive growth in response to glucose limitation), GO:0006995 (cellular response to nitrogen starvation), GO:0007124 (pseudohyphal growth), GO:0009267 (cellular response to starvation), GO:0015696 (ammonium transport), GO:0019740 (nitrogen utilization), GO:0030447 (filamentous growth), GO:0036170 (filamentous growth of a population of unicellular organisms in response to starvation), GO:0072488 (ammonium transmembrane transport), GO:1900430 (positive regulation of filamentous growth of a population of unicellular organisms)	GO:0008519 (ammonium transmembrane transporter activity), GO:0015398 (high-affinity secondary active ammonium transmembrane transporter activity)	GO:0005886 (plasma membrane), GO:0016020 (membrane)	0.2876712328767123	0.09900990099009901	73	303	True
Candida_tropicalis	DUP	Supercontig_3.1_C_tropicalis_MYA-3404	6792	8246	gene-CTRG_00004			0.29268292682926833		OG0001283	1	2	Ortholog(s) have ammonium transmembrane transporter activity and plasma membrane localization	GO:0001402 (signal transduction involved in filamentous growth), GO:0009267 (cellular response to starvation), GO:0015696 (ammonium transport), GO:0030447 (filamentous growth), GO:0036170 (filamentous growth of a population of unicellular organisms in response to starvation), GO:0072488 (ammonium transmembrane transport)	GO:0008519 (ammonium transmembrane transporter activity)	GO:0005886 (plasma membrane), GO:0016020 (membrane)	0.6666666666666666	0.1875	15	64	True
Candida_albicans	DUP	Ca22chr4A_C_albicans_SC5314	63553	64113	C4_00410W_A			0.1618682021753039		OG0001382	1	2	Protein with B-cell receptor-associated protein 31-like domain; membrane-localized protein	GO:0006886 (intracellular protein transport)	GO:0003674 (molecular_function)	GO:0005783 (endoplasmic reticulum), GO:0005886 (plasma membrane), GO:0016021 (integral component of membrane)	0.3150684931506849	0.10891089108910891	73	303	True
Candida_tropicalis	DUP	Supercontig_3.1_C_tropicalis_MYA-3404	2972	3523	gene-CTRG_00002			0.4382470119521912		OG0001382	1	2	Ortholog(s) have plasma membrane localization	GO:0006886 (intracellular protein transport)		GO:0005783 (endoplasmic reticulum), GO:0005886 (plasma membrane), GO:0016021 (integral component of membrane)	0.7333333333333333	0.3125	15	64	True
Candida_auris	DUP	PEKT02000003_C_auris_B8441	254895	255761	gene-B9J08_001184			0.09547738693467336		OG0001517	1	2	Ortholog of C. albicans SC5314 : C2_02190C_A, C. dubliniensis CD36 : Cd36_16970, C. parapsilosis CDC317 : CPAR2_212090 and Candida tenuis NRRL Y-1498 : CANTEDRAFT_116408				0.5	0.05277777777777778	4	720	True
Candida_tropicalis	DUP	Supercontig_3.2_C_tropicalis_MYA-3404	740934	741653	gene-CTRG_01412			0.5048543689320388		OG0001517	1	2	Protein of unknown function				0.6666666666666666	0.40625	15	64	True
Candida_tropicalis	DUP	Supercontig_3.2_C_tropicalis_MYA-3404	737517	738236	gene-CTRG_01410			0.4615384615384615		OG0001517	1	2	Protein of unknown function				0.6	0.375	15	64	True
Candida_albicans	DUP	Ca22chr4A_C_albicans_SC5314	48304	49311	C4_00310C_A	MNN10	MNN10	0.1635330126803673		OG0001588	1	2	Alpha-1,6-mannosyltransferase involved in biosynthesis and organization of cell wall polysaccharides	GO:0000032 (cell wall mannoprotein biosynthetic process), GO:0000917 (division septum assembly), GO:0006487 (protein N-linked glycosylation)	GO:0000009 (alpha-1,6-mannosyltransferase activity), GO:0016757 (glycosyltransferase activity)	GO:0000136 (mannan polymerase complex), GO:0016021 (integral component of membrane)	0.3013698630136986	0.11221122112211221	73	303	True
Candida_tropicalis	DUP	Supercontig_3.1_C_tropicalis_MYA-3404	15770	16777	gene-CTRG_00009			0.2986425339366516		OG0001588	1	2	Has domain(s) with predicted transferase activity, transferring hexosyl groups activity and integral to membrane localization	GO:0000032 (cell wall mannoprotein biosynthetic process)	GO:0000009 (alpha-1,6-mannosyltransferase activity), GO:0016757 (glycosyltransferase activity), GO:0016758 (hexosyltransferase activity)	GO:0016021 (integral component of membrane)	0.7333333333333333	0.1875	15	64	True
Candida_albicans	if_INDEL	Ca22chrRA_C_albicans_SC5314	395478	396188	CR_01730W_A	IFU5	WWM1	0.07622677465459743		OG0001599	1	2	Predicted membrane protein involved in cell wall maintenance; estradiol-induced; upregulation associated with CDR1 and CDR2 overexpression or fluphenazine; putative drug-responsive regulatory site; Hap43p-repressed; Tac1p-regulated	GO:0044010 (single-species biofilm formation), GO:0044182 (filamentous growth of a population of unicellular organisms), GO:0071852 (fungal-type cell wall organization or biogenesis)	GO:0003674 (molecular_function), GO:0005515 (protein binding)	GO:0005634 (nucleus), GO:0016020 (membrane)	0.136986301369863	0.052805280528052806	73	303	True
Candida_auris	DUP	PEKT02000003_C_auris_B8441	245058	245720	gene-B9J08_001179		WWM1	0.0816326530612245		OG0001599	1	2	Ortholog(s) have nucleus localization		GO:0005515 (protein binding)	GO:0005634 (nucleus)	0.5	0.044444444444444446	4	720	True
Candida_auris	DEL	PEKT02000002_C_auris_B8441	323178	325415	gene-B9J08_000661		SFL1	0.31751824817518254		OG0001630	1	2	Ortholog(s) have DNA-binding transcription factor activity, RNA polymerase II-specific and RNA polymerase II cis-regulatory region sequence-specific DNA binding, more	GO:0000122 (negative regulation of transcription by RNA polymerase II), GO:0006355 (regulation of transcription, DNA-templated), GO:0010508 (positive regulation of autophagy), GO:0016458 (gene silencing), GO:0045944 (positive regulation of transcription by RNA polymerase II), GO:2001159 (regulation of protein localization by the Cvt pathway)	GO:0000978 (RNA polymerase II cis-regulatory region sequence-specific DNA binding), GO:0000981 (DNA-binding transcription factor activity, RNA polymerase II-specific), GO:0001103 (RNA polymerase II-specific DNA-binding transcription factor binding), GO:0003700 (DNA-binding transcription factor activity), GO:0043565 (sequence-specific DNA binding)	GO:0005634 (nucleus), GO:0042025 (host cell nucleus)	0.75	0.2013888888888889	4	720	True
Candida_tropicalis	DEL	Supercontig_3.1_C_tropicalis_MYA-3404	1468575	1470827	gene-CTRG_00655			0.37433155080213903		OG0001630	2	2	Ortholog(s) have RNA polymerase II repressing transcription factor binding activity and nuclear chromosome localization	GO:0000122 (negative regulation of transcription by RNA polymerase II), GO:0000128 (flocculation), GO:0006355 (regulation of transcription, DNA-templated), GO:0030447 (filamentous growth), GO:0035690 (cellular response to drug), GO:0044182 (filamentous growth of a population of unicellular organisms), GO:1900429 (negative regulation of filamentous growth of a population of unicellular organisms)	GO:0001103 (RNA polymerase II-specific DNA-binding transcription factor binding), GO:0001228 (DNA-binding transcription activator activity, RNA polymerase II-specific), GO:0003700 (DNA-binding transcription factor activity), GO:0043565 (sequence-specific DNA binding)	GO:0000228 (nuclear chromosome), GO:0005634 (nucleus)	0.4666666666666667	0.3125	15	64	True
Candida_tropicalis	SNP	Supercontig_3.1_C_tropicalis_MYA-3404	1468575	1470827	gene-CTRG_00655			0.24034334763948498	0.0	OG0001630	2	2	Ortholog(s) have RNA polymerase II repressing transcription factor binding activity and nuclear chromosome localization	GO:0000122 (negative regulation of transcription by RNA polymerase II), GO:0000128 (flocculation), GO:0006355 (regulation of transcription, DNA-templated), GO:0030447 (filamentous growth), GO:0035690 (cellular response to drug), GO:0044182 (filamentous growth of a population of unicellular organisms), GO:1900429 (negative regulation of filamentous growth of a population of unicellular organisms)	GO:0001103 (RNA polymerase II-specific DNA-binding transcription factor binding), GO:0001228 (DNA-binding transcription activator activity, RNA polymerase II-specific), GO:0003700 (DNA-binding transcription factor activity), GO:0043565 (sequence-specific DNA binding)	GO:0000228 (nuclear chromosome), GO:0005634 (nucleus)	0.26666666666666666	0.21875	15	64	True
Candida_glabrata	DUP	ChrE_C_glabrata_CBS138	94067	95783	CAGL0E01045g		NBP2	0.09026128266033254		OG0001801	1	2	Ortholog(s) have protein binding, bridging, protein kinase activator activity, role in hyphal growth, inactivation of MAPK activity, intracellular signal transduction, vacuole organization and cytoplasm localization	GO:0007033 (vacuole organization), GO:0030448 (hyphal growth), GO:0035556 (intracellular signal transduction)	GO:0005515 (protein binding), GO:0030295 (protein kinase activator activity), GO:0030674 (protein-macromolecule adaptor activity)	GO:0005737 (cytoplasm)	0.5	0.04960835509138381	22	383	True
Candida_tropicalis	DUP	Supercontig_3.21_C_tropicalis_MYA-3404	3116	3556	gene-CTRG_06252			0.2978723404255319		OG0001801	1	2	Ortholog(s) have role in vacuole organization, hyphal growth	GO:0007033 (vacuole organization), GO:0030448 (hyphal growth)	GO:0005515 (protein binding)		0.4666666666666667	0.21875	15	64	True
Candida_auris	SNP	PEKT02000003_C_auris_B8441	427450	428598	gene-B9J08_001270		CST6	0.5378690629011554	0.0	OG0002013	1	2	Ortholog(s) have DNA-binding transcription activator activity, RNA polymerase II-specific, sequence-specific DNA binding activity	GO:0006355 (regulation of transcription, DNA-templated), GO:0043618 (regulation of transcription from RNA polymerase II promoter in response to stress), GO:0045944 (positive regulation of transcription by RNA polymerase II), GO:0061429 (positive regulation of transcription from RNA polymerase II promoter by oleic acid), GO:0071244 (cellular response to carbon dioxide), GO:0071400 (cellular response to oleic acid)	GO:0001228 (DNA-binding transcription activator activity, RNA polymerase II-specific), GO:0003700 (DNA-binding transcription factor activity), GO:0043565 (sequence-specific DNA binding)	GO:0005634 (nucleus), GO:0005829 (cytosol)	0.5	0.5819444444444445	4	720	True
Candida_glabrata	DEL	ChrI_C_glabrata_CBS138	487084	493372	CAGL0I05170g	CST6	CST6	0.14606155451225875		OG0002013	1	2	bZIP domain-containing protein involved in regulation of biofilm formation; negatively regulates expression of the EPA6 adhesin independently of Yak1p/Sir4p signaling; regulates carbonic anhydrase Nce103p in response to carbon dioxide	GO:0006355 (regulation of transcription, DNA-templated), GO:0030447 (filamentous growth), GO:0031505 (fungal-type cell wall organization), GO:0043618 (regulation of transcription from RNA polymerase II promoter in response to stress), GO:0061429 (positive regulation of transcription from RNA polymerase II promoter by oleic acid), GO:0071244 (cellular response to carbon dioxide), GO:0071400 (cellular response to oleic acid), GO:1900231 (regulation of single-species biofilm formation on inanimate substrate)	GO:0001228 (DNA-binding transcription activator activity, RNA polymerase II-specific), GO:0003700 (DNA-binding transcription factor activity), GO:0043565 (sequence-specific DNA binding)	GO:0000790 (chromatin), GO:0005829 (cytosol)	0.36363636363636365	0.09138381201044386	22	383	True
Candida_glabrata	SNP	ChrH_C_glabrata_CBS138	786770	788794	CAGL0H08085g		EXO1	0.133630289532294	0.009687671232876713	OG0002019	1	2	Ortholog(s) have 5'-3' exonuclease activity, 5'-flap endonuclease activity	GO:0000706 (meiotic DNA double-strand break processing), GO:0006281 (DNA repair), GO:0006298 (mismatch repair), GO:0031292 (gene conversion at mating-type locus), GO:0031860 (telomeric 3' overhang formation)	GO:0003677 (DNA binding), GO:0003824 (catalytic activity), GO:0004518 (nuclease activity), GO:0008409 (5'-3' exonuclease activity), GO:0016788 (hydrolase activity, acting on ester bonds), GO:0017108 (5'-flap endonuclease activity), GO:0035312 (5'-3' exodeoxyribonuclease activity), GO:0046872 (metal ion binding)	GO:0005575 (cellular_component)	0.45454545454545453	0.0783289817232376	22	383	True
Candida_tropicalis	DUP	Supercontig_3.8_C_tropicalis_MYA-3404	132527	134563	gene-CTRG_05280			0.29268292682926833		OG0002019	1	2	Has domain(s) with predicted DNA binding, nuclease activity and role in DNA repair	GO:0006281 (DNA repair)	GO:0003677 (DNA binding), GO:0003824 (catalytic activity), GO:0004518 (nuclease activity), GO:0035312 (5'-3' exodeoxyribonuclease activity), GO:0046872 (metal ion binding)		0.6666666666666666	0.1875	15	64	True
Candida_albicans	DUP	Ca22chr1A_C_albicans_SC5314	34525	35679	C1_00210C_A		GSF2	0.18550506947052195		OG0002027	1	2	Ortholog(s) have unfolded protein binding activity, role in protein folding, protein localization to cell surface and integral component of endoplasmic reticulum membrane localization	GO:0006457 (protein folding), GO:0034394 (protein localization to cell surface)	GO:0051082 (unfolded protein binding)	GO:0005886 (plasma membrane), GO:0030176 (integral component of endoplasmic reticulum membrane)	0.3561643835616438	0.1254125412541254	73	303	True
Candida_tropicalis	DUP	Supercontig_3.6_C_tropicalis_MYA-3404	25224	26408	gene-CTRG_04295			0.2942008486562942		OG0002027	1	2	Ortholog(s) have plasma membrane localization			GO:0005886 (plasma membrane)	0.5333333333333333	0.203125	15	64	True
Candida_albicans	if_INDEL	Ca22chr1A_C_albicans_SC5314	1036804	1040895	C1_04970W_A		CLU1	0.07363291824580401		OG0002128	1	2	Ortholog(s) have RNA binding activity, role in cellular response to osmotic stress and cytoplasmic stress granule localization	GO:0006996 (organelle organization), GO:0071470 (cellular response to osmotic stress)	GO:0003723 (RNA binding), GO:0005515 (protein binding)	GO:0010494 (cytoplasmic stress granule)	0.0547945205479452	0.11221122112211221	73	303	True
Candida_glabrata	SNP	ChrM_C_glabrata_CBS138	773855	777913	CAGL0M07722g		CLU1	0.0644468313641246	0.0	OG0002128	1	2	Ortholog(s) have role in cytoplasmic translational initiation and cytoplasmic stress granule, eukaryotic translation initiation factor 3 complex localization	GO:0002183 (cytoplasmic translational initiation), GO:0006996 (organelle organization)	GO:0003674 (molecular_function)	GO:0005852 (eukaryotic translation initiation factor 3 complex), GO:0010494 (cytoplasmic stress granule)	0.18181818181818182	0.0391644908616188	22	383	True
Candida_glabrata	SNP	ChrJ_C_glabrata_CBS138	1023303	1027623	CAGL0J10472g		SSN2	0.253411306042885	0.0	OG0002308	1	2	Ortholog(s) have RNA polymerase II transcription regulator recruiting activity, transcription coactivator activity	GO:0000122 (negative regulation of transcription by RNA polymerase II), GO:0000435 (positive regulation of transcription from RNA polymerase II promoter by galactose), GO:0006357 (regulation of transcription by RNA polymerase II), GO:0030448 (hyphal growth), GO:0044011 (single-species biofilm formation on inanimate substrate), GO:1900233 (positive regulation of single-species biofilm formation on inanimate substrate)	GO:0003712 (transcription coregulator activity), GO:0003713 (transcription coactivator activity)	GO:0016592 (mediator complex)	0.5	0.16971279373368145	22	383	True
Candida_tropicalis	DUP	Supercontig_3.2_C_tropicalis_MYA-3404	342447	347474	gene-CTRG_01239			0.3102493074792244		OG0002308	1	2	Ortholog(s) have role in single-species biofilm formation on inanimate substrate, hyphal growth, positive regulation of single-species biofilm formation on inanimate substrate	GO:0006357 (regulation of transcription by RNA polymerase II), GO:0030447 (filamentous growth), GO:0030448 (hyphal growth), GO:0044011 (single-species biofilm formation on inanimate substrate), GO:1900233 (positive regulation of single-species biofilm formation on inanimate substrate)	GO:0003712 (transcription coregulator activity)	GO:0016592 (mediator complex)	0.5333333333333333	0.21875	15	64	True
Candida_albicans	DUP	Ca22chr5A_C_albicans_SC5314	43421	44635	C5_00260W_A		PRS1	0.17255392310096904		OG0002570	1	2	Ortholog(s) have ribose phosphate diphosphokinase activity and role in 5-phosphoribose 1-diphosphate biosynthetic process, cytokinesis, fungal-type cell wall organization	GO:0000910 (cytokinesis), GO:0006015 (5-phosphoribose 1-diphosphate biosynthetic process), GO:0009116 (nucleoside metabolic process), GO:0009156 (ribonucleoside monophosphate biosynthetic process), GO:0009165 (nucleotide biosynthetic process), GO:0031505 (fungal-type cell wall organization), GO:0044249 (cellular biosynthetic process)	GO:0000287 (magnesium ion binding), GO:0004749 (ribose phosphate diphosphokinase activity)	GO:0002189 (ribose phosphate diphosphokinase complex), GO:0005737 (cytoplasm), GO:0010494 (cytoplasmic stress granule)	0.3150684931506849	0.1188118811881188	73	303	True
Candida_tropicalis	DUP	Supercontig_3.8_C_tropicalis_MYA-3404	42618	43838	gene-CTRG_05248			0.29268292682926833		OG0002570	1	2	Has domain(s) with predicted ribose phosphate diphosphokinase, magnesium ion binding activity and role in ribonucleoside monophosphate biosynthetic process, nucleotide biosynthetic process, nucleoside metabolic process	GO:0009116 (nucleoside metabolic process), GO:0009156 (ribonucleoside monophosphate biosynthetic process), GO:0009165 (nucleotide biosynthetic process), GO:0044249 (cellular biosynthetic process)	GO:0000287 (magnesium ion binding), GO:0004749 (ribose phosphate diphosphokinase activity)		0.6666666666666666	0.1875	15	64	True
Candida_albicans	DUP	Ca22chr5A_C_albicans_SC5314	40891	42570	C5_00240W_A	SKN7	SKN7	0.17255392310096904		OG0002841	1	2	Putative homolog of S. cerevisiae Skn7p, which is predicted to be a response regulator protein in a phosphorelay signal transduction pathway; required for normal hydrogen peroxide resistance	GO:0000160 (phosphorelay signal transduction system), GO:0000304 (response to singlet oxygen), GO:0006355 (regulation of transcription, DNA-templated), GO:0006368 (transcription elongation from RNA polymerase II promoter), GO:0008361 (regulation of cell size), GO:0009267 (cellular response to starvation), GO:0030447 (filamentous growth), GO:0034599 (cellular response to oxidative stress), GO:0036091 (positive regulation of transcription from RNA polymerase II promoter in response to oxidative stress), GO:0036170 (filamentous growth of a population of unicellular organisms in response to starvation), GO:0036180 (filamentous growth of a population of unicellular organisms in response to biotic stimulus), GO:0043619 (regulation of transcription from RNA polymerase II promoter in response to oxidative stress), GO:0048315 (conidium formation), GO:0070301 (cellular response to hydrogen peroxide), GO:0071216 (cellular response to biotic stimulus), GO:0071470 (cellular response to osmotic stress), GO:0071474 (cellular hyperosmotic response), GO:0075306 (regulation of conidium formation), GO:1900101 (regulation of endoplasmic reticulum unfolded protein response), GO:1900237 (positive regulation of induction of conjugation with cellular fusion), GO:1900436 (positive regulation of filamentous growth of a population of unicellular organisms in response to starvation), GO:1900445 (positive regulation of filamentous growth of a population of unicellular organisms in response to biotic stimulus)	GO:0000156 (phosphorelay response regulator activity), GO:0000978 (RNA polymerase II cis-regulatory region sequence-specific DNA binding), GO:0001228 (DNA-binding transcription activator activity, RNA polymerase II-specific), GO:0003700 (DNA-binding transcription factor activity), GO:0043565 (sequence-specific DNA binding)	GO:0000790 (chromatin), GO:0005634 (nucleus), GO:0005829 (cytosol), GO:0042025 (host cell nucleus), GO:0090575 (RNA polymerase II transcription regulator complex)	0.3150684931506849	0.1188118811881188	73	303	True
Candida_tropicalis	DUP	Supercontig_3.8_C_tropicalis_MYA-3404	39934	41697	gene-CTRG_05246			0.2857142857142857		OG0002841	1	2	Protein of unknown function	GO:0000160 (phosphorelay signal transduction system), GO:0006355 (regulation of transcription, DNA-templated), GO:0006950 (response to stress), GO:0009267 (cellular response to starvation), GO:0030447 (filamentous growth), GO:0034599 (cellular response to oxidative stress), GO:0035690 (cellular response to drug), GO:0036170 (filamentous growth of a population of unicellular organisms in response to starvation), GO:0036180 (filamentous growth of a population of unicellular organisms in response to biotic stimulus), GO:0043619 (regulation of transcription from RNA polymerase II promoter in response to oxidative stress), GO:0071216 (cellular response to biotic stimulus), GO:0071474 (cellular hyperosmotic response), GO:1900436 (positive regulation of filamentous growth of a population of unicellular organisms in response to starvation), GO:1900445 (positive regulation of filamentous growth of a population of unicellular organisms in response to biotic stimulus)	GO:0000156 (phosphorelay response regulator activity), GO:0000976 (transcription cis-regulatory region binding), GO:0000981 (DNA-binding transcription factor activity, RNA polymerase II-specific), GO:0001228 (DNA-binding transcription activator activity, RNA polymerase II-specific), GO:0003700 (DNA-binding transcription factor activity), GO:0043565 (sequence-specific DNA binding)	GO:0005634 (nucleus)	0.6	0.1875	15	64	True
Candida_auris	SNP	PEKT02000009_C_auris_B8441	392331	393713	gene-B9J08_004630		NUP49	0.5041322314049587	0.0	OG0002906	1	2	Ortholog(s) have structural constituent of nuclear pore activity	GO:0000055 (ribosomal large subunit export from nucleus), GO:0006409 (tRNA export from nucleus), GO:0006606 (protein import into nucleus), GO:0010389 (regulation of G2/M transition of mitotic cell cycle), GO:0016973 (poly(A)+ mRNA export from nucleus)	GO:0017056 (structural constituent of nuclear pore)	GO:0005643 (nuclear pore), GO:0034399 (nuclear periphery), GO:0044613 (nuclear pore central transport channel)	0.5	0.5083333333333333	4	720	True
Candida_glabrata	if_INDEL	ChrL_C_glabrata_CBS138	651179	654180	CAGL0L05852g		NUP49	0.18856065367693275		OG0002906	1	2	Ortholog(s) have structural constituent of nuclear pore activity	GO:0000055 (ribosomal large subunit export from nucleus), GO:0006409 (tRNA export from nucleus), GO:0006606 (protein import into nucleus), GO:0010389 (regulation of G2/M transition of mitotic cell cycle), GO:0016973 (poly(A)+ mRNA export from nucleus)	GO:0017056 (structural constituent of nuclear pore)	GO:0005643 (nuclear pore), GO:0034399 (nuclear periphery), GO:0044613 (nuclear pore central transport channel)	0.18181818181818182	0.195822454308094	22	383	True
Candida_auris	SNP	PEKT02000003_C_auris_B8441	562124	563404	gene-B9J08_001320		HFI1	0.27565392354124746	0.0	OG0003117	1	2	Ortholog(s) have transcription coactivator activity, transcription coregulator activity and role in chromatin organization, histone acetylation, transcription by RNA polymerase II	GO:0006325 (chromatin organization), GO:0006366 (transcription by RNA polymerase II), GO:0016573 (histone acetylation)	GO:0003712 (transcription coregulator activity), GO:0003713 (transcription coactivator activity)	GO:0000124 (SAGA complex), GO:0005671 (Ada2/Gcn5/Ada3 transcription activator complex), GO:0046695 (SLIK (SAGA-like) complex), GO:0070461 (SAGA-type complex)	0.5	0.19027777777777777	4	720	True
Candida_glabrata	SNP	ChrH_C_glabrata_CBS138	58921	61106	CAGL0H00616g		HFI1	0.22721337163750327	0.0	OG0003117	1	2	Ortholog(s) have transcription coactivator activity, role in histone acetylation, transcription by RNA polymerase II and Ada2/Gcn5/Ada3 transcription activator complex, SAGA complex, SLIK (SAGA-like) complex localization	GO:0006366 (transcription by RNA polymerase II), GO:0016573 (histone acetylation)	GO:0003713 (transcription coactivator activity)	GO:0000124 (SAGA complex), GO:0005671 (Ada2/Gcn5/Ada3 transcription activator complex), GO:0046695 (SLIK (SAGA-like) complex), GO:0070461 (SAGA-type complex)	0.22727272727272727	0.22715404699738903	22	383	True
Candida_albicans	DUP	Ca22chr7A_C_albicans_SC5314	21072	23375	C7_00170W_A	VPS70	VPS70	0.1327639751552795		OG0003193	1	2	Has domain(s) with predicted peptidase activity and role in proteolysis	GO:0006508 (proteolysis)	GO:0008233 (peptidase activity), GO:0008235 (metalloexopeptidase activity)	GO:0005575 (cellular_component)	0.2602739726027397	0.0891089108910891	73	303	True
Candida_auris	DEL	PEKT02000004_C_auris_B8441	11183	13555	gene-B9J08_001532			0.15		OG0003193	1	2	Has domain(s) with predicted peptidase activity and role in proteolysis	GO:0006508 (proteolysis)	GO:0008233 (peptidase activity), GO:0008235 (metalloexopeptidase activity)		0.75	0.08333333333333333	4	720	True
Candida_albicans	DEL	Ca22chr3A_C_albicans_SC5314	1729949	1732195	C3_07560W_A	TCC1		0.14731673097158893		OG0003270	2	2	Putative transcription factor/corepressor; regulation of filamentation and virulence; interacts with Tup1; regulates hypha-specific gene expression; contains 4 tetratricopeptide repeat (TPR) motifs; flucytosine repressed; Tbp1-induced	GO:0000122 (negative regulation of transcription by RNA polymerase II), GO:0030447 (filamentous growth), GO:0036177 (filamentous growth of a population of unicellular organisms in response to pH), GO:0045892 (negative regulation of transcription, DNA-templated), GO:0071467 (cellular response to pH)	GO:0003674 (molecular_function), GO:0005515 (protein binding)	GO:0005634 (nucleus)	0.2876712328767123	0.09900990099009901	73	303	True
Candida_albicans	DUP	Ca22chr3A_C_albicans_SC5314	1729949	1732195	C3_07560W_A	TCC1		0.13218738651494977		OG0003270	2	2	Putative transcription factor/corepressor; regulation of filamentation and virulence; interacts with Tup1; regulates hypha-specific gene expression; contains 4 tetratricopeptide repeat (TPR) motifs; flucytosine repressed; Tbp1-induced	GO:0000122 (negative regulation of transcription by RNA polymerase II), GO:0030447 (filamentous growth), GO:0036177 (filamentous growth of a population of unicellular organisms in response to pH), GO:0045892 (negative regulation of transcription, DNA-templated), GO:0071467 (cellular response to pH)	GO:0003674 (molecular_function), GO:0005515 (protein binding)	GO:0005634 (nucleus)	0.2876712328767123	0.0858085808580858	73	303	True
Candida_tropicalis	DUP	Supercontig_3.9_C_tropicalis_MYA-3404	59227	61512	gene-CTRG_05598			0.2942008486562942		OG0003270	2	2	Ortholog(s) have role in filamentous growth of a population of unicellular organisms in response to pH, cellular response to pH, pathogenesis, negative regulation of transcription from RNA polymerase II promoter and nucleus localization	GO:0000122 (negative regulation of transcription by RNA polymerase II), GO:0030447 (filamentous growth), GO:0036177 (filamentous growth of a population of unicellular organisms in response to pH), GO:0045892 (negative regulation of transcription, DNA-templated), GO:0071467 (cellular response to pH)	GO:0005515 (protein binding)	GO:0005634 (nucleus)	0.5333333333333333	0.203125	15	64	True
Candida_tropicalis	if_INDEL	Supercontig_3.9_C_tropicalis_MYA-3404	59227	61512	gene-CTRG_05598			0.3682310469314079		OG0003270	2	2	Ortholog(s) have role in filamentous growth of a population of unicellular organisms in response to pH, cellular response to pH, pathogenesis, negative regulation of transcription from RNA polymerase II promoter and nucleus localization	GO:0000122 (negative regulation of transcription by RNA polymerase II), GO:0030447 (filamentous growth), GO:0036177 (filamentous growth of a population of unicellular organisms in response to pH), GO:0045892 (negative regulation of transcription, DNA-templated), GO:0071467 (cellular response to pH)	GO:0005515 (protein binding)	GO:0005634 (nucleus)	0.6	0.265625	15	64	True
Candida_glabrata	SNP	ChrH_C_glabrata_CBS138	545660	552736	CAGL0H05577g		SEC16	0.3432307273222555	0.0	OG0003372	1	2	Ortholog(s) have protein membrane anchor activity and role in COPII vesicle coating, macroautophagy, protein localization to endoplasmic reticulum exit site	GO:0006914 (autophagy), GO:0016236 (macroautophagy), GO:0048208 (COPII vesicle coating), GO:0070973 (protein localization to endoplasmic reticulum exit site)	GO:0043495 (protein-membrane adaptor activity)	GO:0012507 (ER to Golgi transport vesicle membrane), GO:0070971 (endoplasmic reticulum exit site)	0.6363636363636364	0.2349869451697128	22	383	True
Candida_tropicalis	if_INDEL	Supercontig_3.8_C_tropicalis_MYA-3404	771575	778372	gene-CTRG_05554			0.24043715846994537		OG0003372	1	2	Protein of unknown function	GO:0006914 (autophagy), GO:0048208 (COPII vesicle coating)			0.4	0.171875	15	64	True
Candida_auris	SNP	PEKT02000010_C_auris_B8441	1187424	1191218	gene-B9J08_005430		YOL075C	0.31057268722466963	0.016047872340425533	OG0003564	1	2	Ortholog(s) have fungal-type vacuole membrane localization		GO:0000166 (nucleotide binding), GO:0005524 (ATP binding), GO:0016887 (ATP hydrolysis activity), GO:0017111 (nucleoside-triphosphatase activity), GO:0140359 (ABC-type transporter activity)	GO:0000329 (fungal-type vacuole membrane), GO:0016020 (membrane)	0.75	0.19583333333333333	4	720	True
Candida_glabrata	SNP	ChrI_C_glabrata_CBS138	783104	787073	CAGL0I08019g		YOL075C	0.1387617441580342	0.018133333333333335	OG0003564	1	2	Ortholog(s) have role in cellular response to drug and extrinsic component of fungal-type vacuolar membrane, plasma membrane localization	GO:0035690 (cellular response to drug)	GO:0000166 (nucleotide binding), GO:0005524 (ATP binding), GO:0016887 (ATP hydrolysis activity), GO:0017111 (nucleoside-triphosphatase activity), GO:0140359 (ABC-type transporter activity)	GO:0005886 (plasma membrane), GO:0016020 (membrane), GO:0097042 (extrinsic component of fungal-type vacuolar membrane)	0.4090909090909091	0.0835509138381201	22	383	True
Candida_auris	SNP	PEKT02000003_C_auris_B8441	392135	392611	gene-B9J08_001251		MRPL25	0.5128552097428958	0.0	OG0003583	1	2	Ortholog(s) have structural constituent of ribosome activity and mitochondrial large ribosomal subunit localization		GO:0003735 (structural constituent of ribosome)	GO:0005762 (mitochondrial large ribosomal subunit)	0.5	0.5263888888888889	4	720	True
Candida_tropicalis	DUP	Supercontig_3.10_C_tropicalis_MYA-3404	41644	42120	gene-CTRG_05795			0.29268292682926833		OG0003583	1	2	Protein of unknown function		GO:0003735 (structural constituent of ribosome)	GO:0005762 (mitochondrial large ribosomal subunit)	0.6666666666666666	0.1875	15	64	True
Candida_albicans	DUP	Ca22chr4A_C_albicans_SC5314	78356	80167	C4_00470C_A		MAG2	0.1236433576040665		OG0003739	1	2	Has domain(s) with predicted zinc ion binding activity	GO:0008150 (biological_process)	GO:0008270 (zinc ion binding)	GO:0005575 (cellular_component)	0.2465753424657534	0.08250825082508251	73	303	True
Candida_glabrata	SNP	ChrJ_C_glabrata_CBS138	455988	458220	CAGL0J04796g		MAG2	0.1257108650104759	0.0	OG0003739	1	2	Has domain(s) with predicted zinc ion binding activity	GO:0008150 (biological_process)	GO:0008270 (zinc ion binding)	GO:0005575 (cellular_component)	0.3181818181818182	0.0783289817232376	22	383	True
Candida_albicans	DUP	Ca22chr1A_C_albicans_SC5314	32680	33318	C1_00190C_A			0.20912292470233104		OG0003944	1	2	Protein of unknown function; flow model biofilm induced; Spider biofilm induced	GO:0008150 (biological_process)	GO:0003674 (molecular_function)	GO:0005575 (cellular_component)	0.3972602739726027	0.1419141914191419	73	303	True
Candida_tropicalis	DUP	Supercontig_3.6_C_tropicalis_MYA-3404	23003	23659	gene-CTRG_04293			0.422649140546006		OG0003944	1	2	Protein of unknown function				0.7333333333333333	0.296875	15	64	True
Candida_albicans	DUP	Ca22chr3A_C_albicans_SC5314	1761811	1763016	C3_07730W_A	WOR4		0.13068610203568734		OG0004518	1	2	Predicted C2H2 zinc finger protein, involved in transcriptional regulation of white-opaque phenotypic switching; activator of the opaque cell type	GO:0006355 (regulation of transcription, DNA-templated), GO:1900239 (regulation of phenotypic switching)	GO:0000976 (transcription cis-regulatory region binding)	GO:0005634 (nucleus)	0.273972602739726	0.0858085808580858	73	303	True
Candida_auris	DUP	PEKT02000008_C_auris_B8441	101166	102302	gene-B9J08_004135			0.0816326530612245		OG0004518	1	2	Has domain(s) with predicted nucleic acid binding activity	GO:0006355 (regulation of transcription, DNA-templated)	GO:0003676 (nucleic acid binding)		0.5	0.044444444444444446	4	720	True
Candida_auris	DUP	PEKT02000010_C_auris_B8441	205655	207352	gene-B9J08_004987			0.08629441624365482		OG0004569	1	2	Ortholog of C. albicans SC5314 : C1_01510W_B, C. dubliniensis CD36 : Cd36_01380, C. parapsilosis CDC317 : CPAR2_109270 and Candida tenuis NRRL Y-1498 : CANTEDRAFT_93810				0.5	0.04722222222222222	4	720	True
Candida_tropicalis	DEL	Supercontig_3.6_C_tropicalis_MYA-3404	387547	389499	gene-CTRG_04447			0.3552206673842842		OG0004569	1	2	Protein of unknown function				0.7333333333333333	0.234375	15	64	True
Candida_albicans	DUP	Ca22chr3A_C_albicans_SC5314	1733947	1734279	C3_07590W_A			0.13218738651494977		OG0004684	1	2	Protein of unknown function; repressed by alpha pheromone in SpiderM medium; Spider biofilm induced	GO:0008150 (biological_process)	GO:0003674 (molecular_function)	GO:0005575 (cellular_component)	0.2876712328767123	0.0858085808580858	73	303	True
Candida_tropicalis	DUP	Supercontig_3.9_C_tropicalis_MYA-3404	56865	57212	gene-CTRG_05595			0.422649140546006		OG0004684	1	2	Protein of unknown function				0.7333333333333333	0.296875	15	64	True
Candida_albicans	DUP	Ca22chr2A_C_albicans_SC5314	78116	80620	C2_00500W_A	ZCF9		0.15276066748796058		OG0004772	1	2	Putative Zn(II)2Cys6 transcription factor; hypersensitive to toxic ergosterol analog ECC69 and/or ECC1384	GO:0006355 (regulation of transcription, DNA-templated), GO:0035690 (cellular response to drug)	GO:0000981 (DNA-binding transcription factor activity, RNA polymerase II-specific), GO:0003700 (DNA-binding transcription factor activity), GO:0008270 (zinc ion binding)	GO:0005634 (nucleus), GO:0042025 (host cell nucleus)	0.3013698630136986	0.10231023102310231	73	303	True
Candida_auris	SNP	PEKT02000005_C_auris_B8441	535319	537811	gene-B9J08_002190			0.3525179856115108	0.0	OG0004772	1	2	Has domain(s) with predicted DNA-binding transcription factor activity, RNA polymerase II-specific, zinc ion binding activity, role in regulation of transcription, DNA-templated and host cell nucleus, nucleus localization	GO:0006355 (regulation of transcription, DNA-templated)	GO:0000981 (DNA-binding transcription factor activity, RNA polymerase II-specific), GO:0008270 (zinc ion binding)	GO:0005634 (nucleus), GO:0042025 (host cell nucleus)	0.5	0.2722222222222222	4	720	True
Candida_auris	DUP	PEKT02000001_C_auris_B8441	216534	219059	gene-B9J08_000096			0.0792838874680307		OG0004780	1	2	Has domain(s) with predicted DNA-binding transcription factor activity, RNA polymerase II-specific, zinc ion binding activity, role in regulation of transcription, DNA-templated and host cell nucleus, nucleus localization	GO:0006355 (regulation of transcription, DNA-templated)	GO:0000981 (DNA-binding transcription factor activity, RNA polymerase II-specific), GO:0008270 (zinc ion binding)	GO:0005634 (nucleus), GO:0042025 (host cell nucleus)	0.5	0.043055555555555555	4	720	True
Candida_tropicalis	if_INDEL	Supercontig_3.4_C_tropicalis_MYA-3404	284861	287707	gene-CTRG_03148			0.2942008486562942		OG0004780	1	2	Ortholog(s) have role in growth of unicellular organism as a thread of attached cells, positive regulation of growth of unicellular organism as a thread of attached cells	GO:0006355 (regulation of transcription, DNA-templated), GO:0070783 (growth of unicellular organism as a thread of attached cells), GO:0070786 (positive regulation of growth of unicellular organism as a thread of attached cells)	GO:0000981 (DNA-binding transcription factor activity, RNA polymerase II-specific), GO:0008270 (zinc ion binding)	GO:0005634 (nucleus)	0.5333333333333333	0.203125	15	64	True
Candida_auris	DUP	PEKT02000003_C_auris_B8441	44434	44850	gene-B9J08_001080		PIN2	0.0816326530612245		OG0004902	1	2	Ortholog(s) have cellular bud neck, plasma membrane localization			GO:0005886 (plasma membrane), GO:0005935 (cellular bud neck)	0.5	0.044444444444444446	4	720	True
Candida_glabrata	SNP	ChrB_C_glabrata_CBS138	437207	438493	CAGL0B04477g		PIN2	0.09028459273797843	0.014143999999999999	OG0004902	1	2	Ortholog(s) have cellular bud neck, plasma membrane localization	GO:0008150 (biological_process)	GO:0003674 (molecular_function)	GO:0005886 (plasma membrane), GO:0005935 (cellular bud neck)	0.18181818181818182	0.06005221932114883	22	383	True
Candida_albicans	DUP	Ca22chr5A_C_albicans_SC5314	45823	46218	C5_00270W_A	PGA14	YNL190W	0.17255392310096904		OG0005067	1	2	Putative GPI-anchored protein; induced during cell wall regeneration; regulated by Ssn6p	GO:0042631 (cellular response to water deprivation)	GO:0003674 (molecular_function)	GO:0009277 (fungal-type cell wall), GO:0009986 (cell surface)	0.3150684931506849	0.1188118811881188	73	303	True
Candida_tropicalis	DUP	Supercontig_3.8_C_tropicalis_MYA-3404	45169	45567	gene-CTRG_05249			0.34355828220858897		OG0005067	1	2	Protein of unknown function				0.8	0.21875	15	64	True
Candida_auris	SNP	PEKT02000007_C_auris_B8441	2552155	2553384	gene-B9J08_003815		PNT1	0.438177874186551	0.0	OG0005115	1	2	Ortholog(s) have role in protein insertion into mitochondrial inner membrane from matrix and integral component of mitochondrial inner membrane localization	GO:0032979 (protein insertion into mitochondrial inner membrane from matrix)		GO:0005743 (mitochondrial inner membrane), GO:0031305 (integral component of mitochondrial inner membrane)	1.0	0.28055555555555556	4	720	True
Candida_glabrata	DUP	ChrC_C_glabrata_CBS138	284397	285619	CAGL0C02871g		PNT1	0.08730614589316484		OG0005115	1	2	Ortholog(s) have role in protein insertion into mitochondrial inner membrane from matrix side and integral component of mitochondrial inner membrane localization	GO:0032979 (protein insertion into mitochondrial inner membrane from matrix)	GO:0003674 (molecular_function)	GO:0031305 (integral component of mitochondrial inner membrane)	0.36363636363636365	0.04960835509138381	22	383	True
Candida_albicans	DUP	Ca22chr5A_C_albicans_SC5314	39266	40126	C5_00230C_A		SLX1	0.17255392310096904		OG0005235	1	2	Ortholog(s) have 5'-flap endonuclease activity, role in DNA-dependent DNA replication and Slx1-Slx4 complex localization	GO:0006261 (DNA-dependent DNA replication), GO:0006281 (DNA repair)	GO:0017108 (5'-flap endonuclease activity)	GO:0033557 (Slx1-Slx4 complex)	0.3150684931506849	0.1188118811881188	73	303	True
Candida_tropicalis	DUP	Supercontig_3.8_C_tropicalis_MYA-3404	38308	39129	gene-CTRG_05245			0.32941176470588235		OG0005235	1	2	Protein of unknown function	GO:0006281 (DNA repair)	GO:0017108 (5'-flap endonuclease activity)	GO:0033557 (Slx1-Slx4 complex)	0.6666666666666666	0.21875	15	64	True
Candida_albicans	DUP	Ca22chr1A_C_albicans_SC5314	34099	34446	C1_00200C_A			0.18550506947052195		OG0005401	1	2	Has domain(s) with predicted nucleic acid binding, nucleotide binding activity	GO:0008150 (biological_process)	GO:0000166 (nucleotide binding), GO:0003676 (nucleic acid binding)	GO:0005575 (cellular_component)	0.3561643835616438	0.1254125412541254	73	303	True
Candida_tropicalis	DUP	Supercontig_3.6_C_tropicalis_MYA-3404	24727	25080	gene-CTRG_04294			0.33707865168539325		OG0005401	1	2	Has domain(s) with predicted nucleotide binding activity		GO:0000166 (nucleotide binding), GO:0003676 (nucleic acid binding)		0.6	0.234375	15	64	True
Candida_albicans	DUP	Ca22chr3A_C_albicans_SC5314	1733433	1733702	C3_07580W_A			0.13218738651494977		OG0005519	1	2	Ortholog of C. dubliniensis CD36 : Cd36_87460, C. parapsilosis CDC317 : CPAR2_808260, C. auris B8441 : B9J08_001750 and Debaryomyces hansenii CBS767 : DEHA2F07084g	GO:0008150 (biological_process)	GO:0003674 (molecular_function)	GO:0005575 (cellular_component)	0.2876712328767123	0.0858085808580858	73	303	True
Candida_tropicalis	DUP	Supercontig_3.9_C_tropicalis_MYA-3404	57480	57797	gene-CTRG_05596			0.422649140546006		OG0005519	1	2	Protein of unknown function				0.7333333333333333	0.296875	15	64	True
