pname_or_orthogroups	species	drug	type_vars	type_mutations	type_collapsing	group_name	epsilon	OR	nodes_GenoAndPheno	nodes_noGenoAndNoPheno	nodes_GenoAndNoPheno	nodes_noGenoAndPheno	orthogroups	n_spp_drug_worthogroups	n_spp_drug_wpathway	pval_chi_square_maxT	pval_epsilon_maxT	pval_chi_square_phenotypes	pval_GenoAndPheno_phenotypes	pval_fisher	pval_chi_square_phenotypes_bonferroni	pval_GenoAndPheno_phenotypes_bonferroni	pval_fisher_bonferroni	description	biological_process_GO	cellular_component_GO	molecular_function_GO
OG0000756	Candida_glabrata	FLC	small_vars	non_syn_non_truncating_muts	domains	pChunk_359_408#CAGL0J01727g#359_408	0.32	18.533333333333328	4	139	2	15	OG0000756	2	0	0.187	1.0	0.0	0.0	0.0018837503527584813	0.0	0.0	1.0	region 359-408 from gene CAGL0J01727g (CAGL0J01727g, Putative adhesion protein; predicted GPI-anchor; belongs to adhesin cluster VI)	GO:0008150 (biological_process)	GO:0005575 (cellular_component)	GO:0003674 (molecular_function)
OG0000756	Candida_glabrata	VRC	small_vars	non_syn_non_truncating_muts	domains	pChunk_34_58#CAGL0J01727g#34_58	0.3636363636363636	inf	2	103	0	7	OG0000756	2	0	0.048	0.624	0.0	0.0188	0.00579150579150575	0.0	1.0	1.0	region 34-58 from gene CAGL0J01727g (CAGL0J01727g, Putative adhesion protein; predicted GPI-anchor; belongs to adhesin cluster VI)	GO:0008150 (biological_process)	GO:0005575 (cellular_component)	GO:0003674 (molecular_function)
OG0001819	Candida_glabrata	FLC	small_vars_and_CNVs	non_syn_muts	domains	pChunk_901_1000#CAGL0A00451g#901_1000	0.3076923076923077	36.941176470588225	4	157	1	17	OG0001819	2	0	0.252	1.0	0.0	0.0	0.0006673473112427441	0.0	0.0	1.0	region 901-1000 from gene CAGL0A00451g (PDR1, Zinc finger transcription factor, activator of drug resistance genes via pleiotropic drug response elements (PDRE); regulates drug efflux pumps and controls multi-drug resistance; gene upregulated and/or mutated in azole-resistant strains)	GO:0006351 (transcription, DNA-templated), GO:0006355 (regulation of transcription, DNA-templated), GO:0006357 (regulation of transcription by RNA polymerase II), GO:0030522 (intracellular receptor signaling pathway), GO:0035690 (cellular response to drug), GO:0042493 (response to drug), GO:0045944 (positive regulation of transcription by RNA polymerase II), GO:0071466 (cellular response to xenobiotic stimulus), GO:2001040 (positive regulation of cellular response to drug)	GO:0005634 (nucleus), GO:0005829 (cytosol)	GO:0000981 (DNA-binding transcription factor activity, RNA polymerase II-specific), GO:0001228 (DNA-binding transcription activator activity, RNA polymerase II-specific), GO:0003677 (DNA binding), GO:0003700 (DNA-binding transcription factor activity), GO:0008144 (drug binding), GO:0008270 (zinc ion binding), GO:0043565 (sequence-specific DNA binding)
OG0001819	Candida_glabrata	VRC	small_vars	non_syn_non_truncating_muts	genes	CAGL0A00451g	0.5	21.21212121212121	7	100	11	3	OG0001819	2	0	0.0	0.0	0.0	0.0	4.633889913686735e-05	0.0	0.0	0.014921125522071288	CAGL0A00451g (PDR1, Zinc finger transcription factor, activator of drug resistance genes via pleiotropic drug response elements (PDRE); regulates drug efflux pumps and controls multi-drug resistance; gene upregulated and/or mutated in azole-resistant strains)	GO:0006351 (transcription, DNA-templated), GO:0006355 (regulation of transcription, DNA-templated), GO:0006357 (regulation of transcription by RNA polymerase II), GO:0030522 (intracellular receptor signaling pathway), GO:0035690 (cellular response to drug), GO:0042493 (response to drug), GO:0045944 (positive regulation of transcription by RNA polymerase II), GO:0071466 (cellular response to xenobiotic stimulus), GO:2001040 (positive regulation of cellular response to drug)	GO:0005634 (nucleus), GO:0005829 (cytosol)	GO:0000981 (DNA-binding transcription factor activity, RNA polymerase II-specific), GO:0001228 (DNA-binding transcription activator activity, RNA polymerase II-specific), GO:0003677 (DNA binding), GO:0003700 (DNA-binding transcription factor activity), GO:0008144 (drug binding), GO:0008270 (zinc ion binding), GO:0043565 (sequence-specific DNA binding)
OG0000002	Candida_glabrata	MIF	all_vars	all_muts	none	cluster15872_coverageDUP	0.8888888888888888	inf	4	21	0	1	OG0000002	4	0	0.048	0.0	0.0004	0.0004	0.0003344481605351168	0.5372	0.5372	0.4491638795986619	elongation|coverageDUP|CNV|ChrH_C_glabrata_CBS138:1045800-1046400 in AWP13 (CAGL0H10626g, Predicted cell wall adhesin with a role in adhesion; belongs to adhesin cluster III; predicted GPI anchor; contains tandem repeats)	GO:0008150 (biological_process)	GO:0009277 (fungal-type cell wall)	GO:0003674 (molecular_function)
OG0000002	Candida_glabrata	FLC	small_vars	non_syn_muts	domains	pChunk_176_200#CAGL0C01078g#176_200	0.4242424242424242	11.416666666666664	7	137	7	12	OG0000002	4	0	0.108	0.096	0.0	0.0	0.00019809507670066515	0.0	0.0	1.0	region 176-200 from gene CAGL0C01078g (CAGL0C01078g, Protein of unknown function)	GO:0008150 (biological_process)	GO:0005575 (cellular_component)	GO:0003674 (molecular_function)
OG0000002	Candida_glabrata	FLC	small_vars_and_CNVs	non_syn_non_truncating_muts	domains	pChunk_51_100#CAGL0J00105g#51_100	0.3870967741935484	14.8	6	148	4	15	OG0000002	4	0	0.187	0.376	0.0	0.0	0.00024206216997758808	0.0	0.0	1.0	region 51-100 from gene CAGL0J00105g (CAGL0J00105g, Protein of unknown function)	GO:0008150 (biological_process)	GO:0005575 (cellular_component)	GO:0003674 (molecular_function)
OG0000002	Candida_glabrata	FLC	small_vars_and_CNVs	non_syn_non_truncating_muts	domains	pChunk_776_800#CAGL0I10362g#776_800	0.3870967741935484	11.82857142857143	6	138	5	14	OG0000002	4	0	0.28300000000000003	0.376	0.0	0.0	0.000505400047372511	0.0	0.0	1.0	region 776-800 from gene CAGL0I10362g (PWP4, Cell wall adhesin; predicted GPI anchor; contains tandem repeats; belongs to adhesin cluster II)	GO:0008150 (biological_process)	GO:0005575 (cellular_component)	GO:0003674 (molecular_function)
OG0000002	Candida_glabrata	FLC	small_vars_and_CNVs	non_syn_muts	domains	pChunk_104_203#CAGL0C00253g#104_203	0.3809523809523809	6.571428571428571	8	138	14	12	OG0000002	4	0	0.76	0.52	0.0	0.0	0.0009469568188123184	0.0	0.0	1.0	region 104-203 from gene CAGL0C00253g (CAGL0C00253g, Putative cell wall adhesin; belongs to adhesin cluster III; predicted GPI anchor; contains 6 tandem repeats)	GO:0008150 (biological_process)	GO:0005575 (cellular_component)	GO:0003674 (molecular_function)
OG0000002	Candida_glabrata	POS	coverageCNVs	non_syn_non_truncating_muts	domains	pChunk_301_400#CAGL0I00143g#301_400	0.4444444444444444	7.833333333333332	4	47	4	6	OG0000002	4	0	0.048	0.048	0.0	0.0	0.019695825911910343	0.0	0.0	1.0	region 301-400 from gene CAGL0I00143g (CAGL0I00143g, Protein of unknown function)	GO:0008150 (biological_process)	GO:0005575 (cellular_component)	GO:0003674 (molecular_function)
OG0000002	Candida_glabrata	VRC	small_vars_and_SVs	non_syn_non_truncating_muts	domains	pChunk_841_850#CAGL0C01133g#841_850	0.3333333333333333	inf	2	111	0	8	OG0000002	4	0	0.048	0.856	0.0096	0.0336	0.006198347107437972	1.0	1.0	1.0	region 841-850 from gene CAGL0C01133g (CAGL0C01133g, Adhesin-like protein; belongs to adhesin cluster VII; predicted GPI anchor)	GO:0008150 (biological_process)	GO:0005575 (cellular_component)	GO:0003674 (molecular_function)
OG0000002	Candida_glabrata	FLC	small_vars	non_syn_muts	genes	CAGL0J00116g	0.3921568627450979	5.959595959595959	10	118	22	9	OG0000002	4	0	0.14400000000000002	0.0	0.0	0.0	0.000743765632970448	0.0	0.0	0.6879832104976644	CAGL0J00116g (CAGL0J00116g, Protein of unknown function)	GO:0008150 (biological_process)	GO:0005575 (cellular_component)	GO:0003674 (molecular_function)
OG0000036	Candida_glabrata	FLC	all_vars	all_muts	none	ChrJ_C_glabrata_CBS138_1190995_TG/T	0.5142857142857142	22.2	9	148	5	12	OG0000036	2, 2	0	0.0	0.048	0.0	0.0	1.2806068961035143e-06	0.0	0.0	0.011460151113230352	FS|p.940|V/X in AWP4 (CAGL0J11990g, Putative adhesin-like protein with internal repeats; identified in cell wall extracts by mass spectrometry; ORF appears artificially broken into fragments due to sequencing errors; belongs to adhesin cluster V; predicted GPI anchor) ||| FS|p.66|C/X in CAGL0J12034g (CAGL0J12034g, Protein of unknown function)	GO:0008150 (biological_process) ||| GO:0008150 (biological_process)	GO:0005575 (cellular_component) ||| GO:0009277 (fungal-type cell wall)	GO:0003674 (molecular_function) ||| GO:0003674 (molecular_function)
OG0000036	Candida_glabrata	FLC	all_vars	all_muts	none	ChrJ_C_glabrata_CBS138_1191837_A/T	0.3529411764705882	7.0256410256410255	6	137	9	13	OG0000036	2, 2	0	1.0	1.0	0.0	0.0	0.0027332981039292666	0.0	0.0	1.0	mis|p.1221|T/S in AWP4 (CAGL0J11990g, Putative adhesin-like protein with internal repeats; identified in cell wall extracts by mass spectrometry; ORF appears artificially broken into fragments due to sequencing errors; belongs to adhesin cluster V; predicted GPI anchor) ||| mis|p.329|T/S in CAGL0J12034g (CAGL0J12034g, Protein of unknown function)	GO:0008150 (biological_process) ||| GO:0008150 (biological_process)	GO:0005575 (cellular_component) ||| GO:0009277 (fungal-type cell wall)	GO:0003674 (molecular_function) ||| GO:0003674 (molecular_function)
OG0000036	Candida_glabrata	FLC	all_vars	all_muts	none	ChrJ_C_glabrata_CBS138_1191837_A/T	0.3529411764705882	7.0256410256410255	6	137	9	13	OG0000036	2, 2	0	1.0	1.0	0.0	0.0	0.0027332981039292666	0.0	0.0	1.0	mis|p.1221|T/S in AWP4 (CAGL0J11990g, Putative adhesin-like protein with internal repeats; identified in cell wall extracts by mass spectrometry; ORF appears artificially broken into fragments due to sequencing errors; belongs to adhesin cluster V; predicted GPI anchor) ||| mis|p.329|T/S in CAGL0J12034g (CAGL0J12034g, Protein of unknown function)	GO:0008150 (biological_process) ||| GO:0008150 (biological_process)	GO:0005575 (cellular_component) ||| GO:0009277 (fungal-type cell wall)	GO:0003674 (molecular_function) ||| GO:0003674 (molecular_function)
OG0000036	Candida_glabrata	MIF	all_vars	all_muts	none	ChrB_C_glabrata_CBS138_498888_TA/T	0.8888888888888888	inf	4	21	0	1	OG0000036	0, 2	0	0.048	0.0	0.0004	0.0004	0.0003344481605351168	0.5372	0.5372	0.4491638795986619	FS|p.231|*/X in AWP9 (CAGL0B05093g, Putative adhesin-like protein; GPI-anchored; belongs to adhesin cluster V; ORF appears artificially broken into fragments due to sequencing errors but the gene is likely protein-coding based on mass spectrometry data) ||| FS|p.231|*/X in CAGL0B05126g (CAGL0B05126g, Protein of unknown function)	 ||| GO:0008150 (biological_process)	GO:0009277 (fungal-type cell wall) ||| GO:0005575 (cellular_component)	 ||| GO:0003674 (molecular_function)
OG0000036	Candida_glabrata	FLC	small_vars	non_syn_muts	domains	pChunk_151_175#CAGL0J12034g#151_175	0.5641025641025641	20.166666666666668	11	132	8	9	OG0000036	2	0	0.0	0.0	0.0	0.0	2.5704158299154725e-07	0.0	0.0	0.0023629832724412943	region 151-175 from gene CAGL0J12034g (CAGL0J12034g, Protein of unknown function)	GO:0008150 (biological_process)	GO:0005575 (cellular_component)	GO:0003674 (molecular_function)
OG0000036	Candida_glabrata	FLC	small_vars_and_CNVs	non_syn_non_truncating_muts	domains	pChunk_501_600#CAGL0I11011g#501_600	0.4516129032258064	19.51923076923077	7	145	4	13	OG0000036	2	0	0.048	0.048	0.0	0.0	2.7701953349854858e-05	0.0	0.0	0.7590612237393729	region 501-600 from gene CAGL0I11011g (CAGL0I11011g, Putative adhesin; belongs to adhesin cluster V)	GO:0008150 (biological_process)	GO:0005575 (cellular_component)	GO:0003674 (molecular_function)
OG0000036	Candida_glabrata	MIF	all_vars	non_syn_muts	domains	pChunk_601_700#CAGL0I11011g#601_700	0.8888888888888888	inf	4	19	0	1	OG0000036	2	0	0.048	0.048	0.0004	0.0004	0.0004705439488048173	1.0	1.0	1.0	region 601-700 from gene CAGL0I11011g (CAGL0I11011g, Putative adhesin; belongs to adhesin cluster V)	GO:0008150 (biological_process)	GO:0005575 (cellular_component)	GO:0003674 (molecular_function)
OG0000049	Candida_glabrata	MIF	all_vars	all_muts	none	ChrA_C_glabrata_CBS138_3336_G/C	0.8888888888888888	inf	4	21	0	1	OG0000049	2, 0	0	0.048	0.0	0.0004	0.0004	0.0003344481605351168	0.5372	0.5372	0.4491638795986619	mis|p.492|P/A in EPA19 (CAGL0A00110g, Putative adhesin-like protein; belongs to adhesin cluster I; appears artificially broken into fragments due to sequencing errors; predicted GPI anchor) ||| mis|p.492|P/A in CAGL0A00116g (CAGL0A00116g, Protein of unknown function)	GO:0008150 (biological_process) ||| 	GO:0005575 (cellular_component) ||| 	GO:0003674 (molecular_function) ||| 
OG0000049	Candida_glabrata	MIF	all_vars	all_muts	none	ChrA_C_glabrata_CBS138_3336_G/C	0.8888888888888888	inf	4	21	0	1	OG0000049	2, 0	0	0.048	0.0	0.0004	0.0004	0.0003344481605351168	0.5372	0.5372	0.4491638795986619	mis|p.492|P/A in EPA19 (CAGL0A00110g, Putative adhesin-like protein; belongs to adhesin cluster I; appears artificially broken into fragments due to sequencing errors; predicted GPI anchor) ||| mis|p.492|P/A in CAGL0A00116g (CAGL0A00116g, Protein of unknown function)	GO:0008150 (biological_process) ||| 	GO:0005575 (cellular_component) ||| 	GO:0003674 (molecular_function) ||| 
OG0000049	Candida_glabrata	FLC	small_vars_and_CNVs	non_syn_muts	domains	pChunk_281_290#CAGL0A00116g#281_290	0.3243243243243243	4.9230769230769225	6	128	13	12	OG0000049	2	0	1.0	0.904	0.0	0.0	0.009760634099085407	0.0	0.0	1.0	region 281-290 from gene CAGL0A00116g (CAGL0A00116g, Protein of unknown function)	GO:0008150 (biological_process)	GO:0005575 (cellular_component)	GO:0003674 (molecular_function)
OG0000049	Candida_glabrata	MIF	coverageCNVs	truncating_muts	domains	mobidb-lite#CAGL0L13299g#1571_1630	0.6666666666666666	24.0	3	16	1	2	OG0000049	2	0	0.048	0.048	0.0244	0.0148	0.02392344497607653	1.0	1.0	1.0	IP-signature mobidb-lite (MobiDBLite, consensus disorder prediction) (region 1571-1630) from gene CAGL0L13299g (EPA11, Putative adhesin; belongs to adhesin cluster I)	GO:0000128 (flocculation)	GO:0005575 (cellular_component)	GO:0003674 (molecular_function)
OG0000419	Candida_glabrata	MIF	all_vars	all_muts	none	ChrH_C_glabrata_CBS138_254145_G/A	1.0	inf	5	21	0	0	OG0000419	2	0	0.0	0.0	0.0004	0.0004	1.5202189115232581e-05	0.5372	0.5372	0.02041653998175736	mis|p.993|G/S in Scer_NET1 (CAGL0H02783g, Ortholog(s) have rDNA binding activity, role in chromatin silencing at rDNA, nucleolus organization, regulation of exit from mitosis and RENT complex localization)	GO:0000183 (rDNA heterochromatin assembly), GO:0007000 (nucleolus organization), GO:0007096 (regulation of exit from mitosis)	GO:0030869 (RENT complex)	GO:0000182 (rDNA binding)
OG0000419	Candida_glabrata	FLC	small_vars	non_syn_non_truncating_muts	domains	pChunk_985_1009#CAGL0H02783g#985_1009	0.3448275862068966	9.857142857142858	5	138	5	14	OG0000419	2	0	0.475	0.7290000000000001	0.0	0.0	0.00227421107534785	0.0	0.0	1.0	region 985-1009 from gene CAGL0H02783g (Scer_NET1, Ortholog(s) have rDNA binding activity, role in chromatin silencing at rDNA, nucleolus organization, regulation of exit from mitosis and RENT complex localization)	GO:0000183 (rDNA heterochromatin assembly), GO:0007000 (nucleolus organization), GO:0007096 (regulation of exit from mitosis)	GO:0030869 (RENT complex)	GO:0000182 (rDNA binding)
OG0006439	Candida_glabrata	FLC	all_vars	all_muts	none	ChrK_C_glabrata_CBS138_742602_A/C	0.375	9.032967032967033	6	137	7	13	OG0006439	2	0	0.904	0.921	0.0	0.0	0.0011643628173507634	0.0	0.0	1.0	mis|p.85|N/T in CAGL0K07502g (CAGL0K07502g, Protein of unknown function)	GO:0008150 (biological_process)	GO:0005575 (cellular_component)	GO:0003674 (molecular_function)
OG0006439	Candida_glabrata	FLC	all_vars	all_muts	none	ChrK_C_glabrata_CBS138_742513_G/C	0.32	18.533333333333328	4	139	2	15	OG0006439	2	0	0.856	1.0	0.0	0.0	0.0018837503527584813	0.0	0.0	1.0	mis|p.55|W/C in CAGL0K07502g (CAGL0K07502g, Protein of unknown function)	GO:0008150 (biological_process)	GO:0005575 (cellular_component)	GO:0003674 (molecular_function)
OG0006439	Candida_glabrata	MIF	small_vars	non_syn_muts	domains	pChunk_73_97#CAGL0K07502g#73_97	0.8888888888888888	inf	4	17	0	1	OG0006439	2	0	0.0	0.048	0.0004	0.0004	0.0006835269993164718	0.7472000000000001	0.7472000000000001	1.0	region 73-97 from gene CAGL0K07502g (CAGL0K07502g, Protein of unknown function)	GO:0008150 (biological_process)	GO:0005575 (cellular_component)	GO:0003674 (molecular_function)
OG0000738	Candida_auris	ITR	small_vars	non_syn_non_truncating_muts	genes	gene-B9J08_005012	0.4	27.2	2	68	1	5	OG0000738	2	0	0.0	0.339	0.0	0.0	0.021109530583214856	0.0	0.0	1.0	gene-B9J08_005012 (Scer_MRPS35, Ortholog(s) have structural constituent of ribosome activity and mitochondrial small ribosomal subunit localization)		GO:0005763 (mitochondrial small ribosomal subunit)	GO:0003735 (structural constituent of ribosome)
OG0000738	Candida_auris	VRC	small_vars	non_syn_non_truncating_muts	genes	gene-B9J08_005012	0.5	36.66666666666666	2	55	1	3	OG0000738	2	0	0.0	0.0	0.0	0.0048	0.0158377327035288	0.0	0.1968	0.6493470408446809	gene-B9J08_005012 (Scer_MRPS35, Ortholog(s) have structural constituent of ribosome activity and mitochondrial small ribosomal subunit localization)		GO:0005763 (mitochondrial small ribosomal subunit)	GO:0003735 (structural constituent of ribosome)
OG0000717	Candida_auris	FLC	small_vars_and_CNVs	non_syn_non_truncating_muts	domains	pChunk_51_75#gene-B9J08_005429#51_75	0.3225806451612903	5.6875	5	91	16	5	OG0000717	2	0	0.8079999999999999	0.048	0.0192	0.0	0.016162667370837762	1.0	0.0	1.0	region 51-75 from gene gene-B9J08_005429 (Scer_NRG2, Ortholog(s) have sequence-specific DNA binding activity)	GO:0000122 (negative regulation of transcription by RNA polymerase II), GO:0000433 (carbon catabolite repression of transcription from RNA polymerase II promoter by glucose), GO:0043709 (cell adhesion involved in single-species biofilm formation), GO:1900464 (negative regulation of cellular hyperosmotic salinity response by negative regulation of transcription from RNA polymerase II promoter), GO:2000221 (negative regulation of pseudohyphal growth)	GO:0005634 (nucleus)	GO:0008270 (zinc ion binding), GO:0043565 (sequence-specific DNA binding)
OG0000717	Candida_glabrata	FLC	small_vars	non_syn_non_truncating_muts	domains	pChunk_61_70#CAGL0K12078g#61_70	0.3636363636363636	9.533333333333333	6	143	6	15	OG0000717	2	0	0.28300000000000003	0.585	0.0	0.0	0.0009974552599722746	0.0	0.0	1.0	region 61-70 from gene CAGL0K12078g (Scer_NRG1, Ortholog(s) have DNA-binding transcription repressor activity, RNA polymerase II-specific, RNA polymerase II proximal promoter sequence-specific DNA binding activity)	GO:0000433 (carbon catabolite repression of transcription from RNA polymerase II promoter by glucose), GO:0043709 (cell adhesion involved in single-species biofilm formation), GO:0071475 (cellular hyperosmotic salinity response), GO:0090606 (single-species surface biofilm formation), GO:1900463 (negative regulation of cellular response to alkaline pH by negative regulation of transcription from RNA polymerase II promoter), GO:1900464 (negative regulation of cellular hyperosmotic salinity response by negative regulation of transcription from RNA polymerase II promoter), GO:2000221 (negative regulation of pseudohyphal growth)	GO:0005634 (nucleus)	GO:0000978 (RNA polymerase II cis-regulatory region sequence-specific DNA binding), GO:0001227 (DNA-binding transcription repressor activity, RNA polymerase II-specific)
OG0000579	Candida_auris	FLC	small_vars	truncating_muts	domains	pChunk_301_400#gene-B9J08_005550#301_400	0.2	4.2222222222222205	2	133	7	9	OG0000579	2	0	0.096	0.048	0.0192	0.0048	0.1311782727497546	1.0	0.8255999999999999	1.0	region 301-400 from gene gene-B9J08_005550 (gene-B9J08_005550, Has domain(s) with predicted RNA binding activity)			GO:0003676 (nucleic acid binding), GO:0003723 (RNA binding)
OG0000579	Candida_auris	VRC	small_vars	non_syn_non_truncating_muts	domains	pChunk_551_575#gene-B9J08_005550#551_575	0.5	38.0	2	57	1	3	OG0000579	2	0	0.048	0.0	0.0	0.0144	0.014857344312659003	0.0	1.0	1.0	region 551-575 from gene gene-B9J08_005550 (gene-B9J08_005550, Has domain(s) with predicted RNA binding activity)			GO:0003676 (nucleic acid binding), GO:0003723 (RNA binding)
OG0000579	Candida_auris	VRC	small_vars_and_SVs	non_syn_muts	domains	pChunk_371_380#gene-B9J08_005550#371_380	0.5	38.0	2	57	1	3	OG0000579	2	0	0.048	0.096	0.0	0.0144	0.014857344312659003	0.0	1.0	1.0	region 371-380 from gene gene-B9J08_005550 (gene-B9J08_005550, Has domain(s) with predicted RNA binding activity)			GO:0003676 (nucleic acid binding), GO:0003723 (RNA binding)
OG0001532	Candida_auris	FLC	small_vars	non_syn_non_truncating_muts	domains	PTHR24286:SF176#gene-B9J08_001448#18_512	0.3529411764705882	13.071428571428573	3	122	4	7	OG0001532	2	0	0.096	0.048	0.0	0.0	0.008711960784486382	0.0	0.0	1.0	IP-signature PTHR24286:SF176 (PANTHER, CYTOCHROME P450 STEROL 14 ALPHA-DEMETHYLASE) (region 18-512) from gene gene-B9J08_001448 (Scer_ERG11, Ortholog(s) have sterol 14-demethylase activity, role in cellular response to drug, ergosterol biosynthetic process and endoplasmic reticulum localization)	GO:0006696 (ergosterol biosynthetic process), GO:0035690 (cellular response to drug)	GO:0005783 (endoplasmic reticulum)	GO:0004497 (monooxygenase activity), GO:0005506 (iron ion binding), GO:0008398 (sterol 14-demethylase activity), GO:0009055 (electron transfer activity), GO:0016705 (oxidoreductase activity, acting on paired donors, with incorporation or reduction of molecular oxygen), GO:0020037 (heme binding)
OG0001532	Candida_auris	VRC	small_vars	non_syn_non_truncating_muts	domains	pChunk_101_150#gene-B9J08_001448#101_150	0.5714285714285714	inf	2	58	0	3	OG0001532	2	0	0.0	0.0	0.0	0.0	0.005120327700972864	0.0	0.0	0.6349206349206351	region 101-150 from gene gene-B9J08_001448 (Scer_ERG11, Ortholog(s) have sterol 14-demethylase activity, role in cellular response to drug, ergosterol biosynthetic process and endoplasmic reticulum localization)	GO:0006696 (ergosterol biosynthetic process), GO:0035690 (cellular response to drug)	GO:0005783 (endoplasmic reticulum)	GO:0004497 (monooxygenase activity), GO:0005506 (iron ion binding), GO:0008398 (sterol 14-demethylase activity), GO:0009055 (electron transfer activity), GO:0016705 (oxidoreductase activity, acting on paired donors, with incorporation or reduction of molecular oxygen), GO:0020037 (heme binding)
OG0005334	Candida_auris	FLC	SVs_and_CNVs	truncating_muts	domains	PF00650#gene-B9J08_005552#191_338	0.25	7.375	2	118	4	8	OG0005334	2	0	0.28	0.048	0.0	0.0	0.06602188053052872	0.0	0.0	1.0	IP-signature PF00650 (Pfam, CRAL/TRIO domain) (region 191-338) from gene gene-B9J08_005552 (gene-B9J08_005552, Ortholog of Candida tenuis NRRL Y-1498 : CANTEDRAFT_121681, Candida guilliermondii ATCC 6260 : PGUG_00029 and Candida lusitaniae ATCC 42720 : CLUG_04099)			
OG0005334	Candida_auris	VRC	small_vars_and_SVs	non_syn_muts	domains	pChunk_51_75#gene-B9J08_005552#51_75	0.5714285714285714	inf	2	58	0	3	OG0005334	2	0	0.0	0.0	0.0	0.0144	0.005120327700972864	0.0	1.0	1.0	region 51-75 from gene gene-B9J08_005552 (gene-B9J08_005552, Ortholog of Candida tenuis NRRL Y-1498 : CANTEDRAFT_121681, Candida guilliermondii ATCC 6260 : PGUG_00029 and Candida lusitaniae ATCC 42720 : CLUG_04099)			
OG0005334	Candida_auris	FLC	coverageCNVs	truncating_muts	genes	gene-B9J08_000007	0.2222222222222222	5.6	2	126	5	9	OG0005334	2	0	0.328	0.048	0.0048	0.0	0.09269958707402644	0.096	0.0	1.0	gene-B9J08_000007 (gene-B9J08_000007, Ortholog of Candida lusitaniae ATCC 42720 : CLUG_01211)			
OG0005120	Candida_auris	AMB	small_vars	non_syn_non_truncating_muts	domains	pChunk_26_50#gene-B9J08_004248#26_50	0.4347826086956521	17.777777777777782	5	128	4	9	OG0005120	3	0	0.0	0.0	0.0	0.0096	0.00039237835017291327	0.0	1.0	0.4473113191971211	region 26-50 from gene gene-B9J08_004248 (gene-B9J08_004248, Has domain(s) with predicted RNA binding, RNA-directed DNA polymerase activity and role in RNA-dependent DNA biosynthetic process)	GO:0006278 (RNA-dependent DNA biosynthetic process)		GO:0003723 (RNA binding), GO:0003964 (RNA-directed DNA polymerase activity)
OG0005120	Candida_auris	FLC	small_vars_and_CNVs	non_syn_non_truncating_muts	domains	SSF56219#gene-B9J08_004248#10_194	0.3636363636363636	11.515151515151516	4	95	11	3	OG0005120	3	0	0.096	0.0	0.0	0.0	0.005758143601971661	0.0	0.0	1.0	IP-signature SSF56219 (SUPERFAMILY, DNase I-like) (region 10-194) from gene gene-B9J08_004248 (gene-B9J08_004248, Has domain(s) with predicted RNA binding, RNA-directed DNA polymerase activity and role in RNA-dependent DNA biosynthetic process)	GO:0006278 (RNA-dependent DNA biosynthetic process)		GO:0003723 (RNA binding), GO:0003964 (RNA-directed DNA polymerase activity)
OG0005120	Candida_auris	VRC	coverageCNVs	non_syn_muts	domains	PTHR19446:SF447#gene-B9J08_004896#301_485	0.4	9.5	2	38	4	2	OG0005120	3	0	0.048	0.0	0.0375	0.1383	0.07669209792566717	1.0	1.0	1.0	IP-signature PTHR19446:SF447 (PANTHER, -) (region 301-485) from gene gene-B9J08_004896 (gene-B9J08_004896, Has domain(s) with predicted RNA binding, RNA-directed DNA polymerase activity and role in RNA-dependent DNA biosynthetic process)	GO:0006278 (RNA-dependent DNA biosynthetic process)		GO:0003723 (RNA binding), GO:0003964 (RNA-directed DNA polymerase activity)
OG0005170	Candida_auris	AMB	coverageCNVs	truncating_muts	domains	mobidb-lite#gene-B9J08_005494#602_791	0.3076923076923077	5.185185185185184	4	105	9	9	OG0005170	2	0	0.048	0.048	0.0384	0.1535	0.02848536457820702	1.0	1.0	1.0	IP-signature mobidb-lite (MobiDBLite, consensus disorder prediction) (region 602-791) from gene gene-B9J08_005494 (gene-B9J08_005494, Has domain(s) with predicted nucleic acid binding, zinc ion binding activity)			GO:0003676 (nucleic acid binding), GO:0008270 (zinc ion binding)
OG0005170	Candida_auris	FLC	coverageCNVs	non_syn_non_truncating_muts	domains	mobidb-lite#gene-B9J08_004249#599_1004	0.2666666666666666	14.777777777777779	2	133	2	9	OG0005170	2	0	0.048	0.0	0.0	0.0	0.0286326804985284	0.0	0.0	1.0	IP-signature mobidb-lite (MobiDBLite, consensus disorder prediction) (region 599-1004) from gene gene-B9J08_004249 (gene-B9J08_004249, Has domain(s) with predicted nucleic acid binding, zinc ion binding activity)			GO:0003676 (nucleic acid binding), GO:0008270 (zinc ion binding)
OG0006180	Candida_auris	AMB	small_vars	non_syn_muts	domains	pChunk_179_188#gene-B9J08_000807#179_188	0.5263157894736842	inf	5	136	0	9	OG0006180	2	0	0.0	0.0	0.0	0.0	3.3840431008768013e-06	0.0	0.0	0.0050760646513152005	region 179-188 from gene gene-B9J08_000807 (gene-B9J08_000807, Protein of unknown function)			
OG0006180	Candida_auris	FLC	small_vars	non_syn_non_truncating_muts	genes	gene-B9J08_000807	0.2666666666666666	9.428571428571429	2	132	4	7	OG0006180	2	0	0.7120000000000001	0.048	0.0	0.0	0.04528718674709798	0.0	0.0	1.0	gene-B9J08_000807 (gene-B9J08_000807, Protein of unknown function)			
R-SCE-5223345	Candida_auris	POS	small_vars	non_syn_non_truncating_muts	Reactome	R-SCE-5223345	0.4285714285714285	17.75	3	71	2	6			2	0.0	0.431	0.0075	0.0943	0.008432221615302821	1.0	1.0	1.0	Reactome-R-SCE-5223345 (Miscellaneous transport and binding events)			
R-SCE-5223345	Candida_auris	VRC	small_vars	non_syn_non_truncating_muts	Reactome	R-SCE-5223345	0.3529411764705882	7.833333333333332	3	47	9	2			2	0.048	0.14400000000000002	0.0048	0.0384	0.047698770933043096	1.0	1.0	1.0	Reactome-R-SCE-5223345 (Miscellaneous transport and binding events)			
